institution_id,display_name
MIT,"Massachusetts Institute of Technology"
IMPERIAL_COLLEGE_LONDON,"Imperial College London"
UNIVERSITY_OF_OXFORD,"University of Oxford"
HARVARD_UNIVERSITY,"Harvard University"
UNIVERSITY_OF_CAMBRIDGE,"University of Cambridge"
STANFORD_UNIVERSITY,"Stanford University"
ETH_ZURICH,"ETH Zurich"
NUS,"National University of Singapore"
UCL,"University College London"
CALTECH,"California Institute of Technology"
UPENN,"University of Pennsylvania"
UC_BERKELEY,"University of California, Berkeley"
UNIVERSITY_OF_MELBOURNE,"The University of Melbourne"
PEKING_UNIVERSITY,"Peking University"
NANYANG_TECHNOLOGICAL_UNIVERSITY,"Nanyang Technological University"
CORNELL_UNIVERSITY,"Cornell University"
HKU,"University of Hong Kong"
UNIVERSITY_OF_SYDNEY,"The University of Sydney"
UNSW_SYDNEY,"UNSW Sydney"
TSINGHUA_UNIVERSITY,"Tsinghua University"
UNIVERSITY_OF_CHICAGO,"University of Chicago"
PRINCETON_UNIVERSITY,"Princeton University"
YALE_UNIVERSITY,"Yale University"
PSL_UNIVERSITY,"Université Paris Sciences et Lettres"
UNIVERSITY_OF_TORONTO,"University of Toronto"
EPFL,"EPFL – École polytechnique fédérale de Lausanne"
UNIVERSITY_OF_EDINBURGH,"University of Edinburgh"
TUM,"Technical University of Munich"
MCGILL_UNIVERSITY,"McGill University"
ANU,"Australian National University"
SEOUL_NATIONAL_UNIVERSITY,"Seoul National University"
JOHNS_HOPKINS_UNIVERSITY,"Johns Hopkins University"
UNIVERSITY_OF_TOKYO,"The University of Tokyo"
COLUMBIA_UNIVERSITY,"Columbia University"
UNIVERSITY_OF_MANCHESTER,"University of Manchester"
CUHK,"Chinese University of Hong Kong"
MONASH_UNIVERSITY,"Monash University"
UBC,"University of British Columbia"
FUDAN_UNIVERSITY,"Fudan University"
KCL,"King's College London"
UNIVERSITY_OF_QUEENSLAND,"The University of Queensland"
UCLA,"University of California, Los Angeles"
NYU,"New York University"
UNIVERSITY_OF_MICHIGAN,"University of Michigan"
SJTU,"Shanghai Jiao Tong University"
INSTITUT_POLYTECHNIQUE_DE_PARIS,"Institut Polytechnique de Paris"
HKUST,"Hong Kong University of Science and Technology"
ZHEJIANG_UNIVERSITY,"Zhejiang University"
TU_DELFT,"Delft University of Technology"
KYOTO_UNIVERSITY,"Kyoto University"
NORTHWESTERN_UNIVERSITY,"Northwestern University"
LSE,"London School of Economics and Political Science"
KAIST,"KAIST - Korea Advanced Institute of Science & Technology"
UNIVERSITY_OF_BRISTOL,"University of Bristol"
UNIVERSITY_OF_AMSTERDAM,"University of Amsterdam"
YONSEI_UNIVERSITY,"Yonsei University"
HONG_KONG_POLYTECHNIC_UNIVERSITY,"Hong Kong Polytechnic University"
CARNEGIE_MELLON_UNIVERSITY,"Carnegie Mellon University"
LMU_MUNICH,"Ludwig-Maximilians-Universität München"
UNIVERSITY_OF_MALAYA,"University of Malaya"
DUKE_UNIVERSITY,"Duke University"
CITY_UNIVERSITY_OF_HONG_KONG,"City University of Hong Kong"
KU_LEUVEN,"KU Leuven"
SORBONNE_UNIVERSITY,"Sorbonne Université"
UNIVERSITY_OF_AUCKLAND,"University of Auckland"
UT_AUSTIN,"University of Texas at Austin"
KOREA_UNIVERSITY,"Korea University"
NATIONAL_TAIWAN_UNIVERSITY,"National Taiwan University"
UNIVERSITY_OF_WARWICK,"University of Warwick"
UIUC,"University of Illinois Urbana-Champaign"
UNIVERSIDAD_DE_BUENOS_AIRES,"Universidad de Buenos Aires"
UC_SAN_DIEGO,"University of California San Diego"
UNIVERSITE_PARIS_SACLAY,"Université Paris-Saclay"
KTH_ROYAL_INSTITUTE_OF_TECHNOLOGY,"KTH Royal Institute of Technology"
LUND_UNIVERSITY,"Lund University"
UNIVERSITY_OF_WASHINGTON,"University of Washington"
UNIVERSITY_OF_WESTERN_AUSTRALIA,"The University of Western Australia"
UNIVERSITY_OF_GLASGOW,"University of Glasgow"
BROWN_UNIVERSITY,"Brown University"
UNIVERSITY_OF_BIRMINGHAM,"University of Birmingham"
UNIVERSITY_OF_SOUTHAMPTON,"University of Southampton"
UNIVERSITY_OF_ADELAIDE,"The University of Adelaide"
UNIVERSITY_OF_LEEDS,"University of Leeds"
HEIDELBERG_UNIVERSITY,"Universität Heidelberg"
TOKYO_INSTITUTE_OF_TECHNOLOGY,"Tokyo Institute of Technology"
UNIVERSITY_OF_OSAKA,"The University of Osaka"
TRINITY_COLLEGE_DUBLIN,"Trinity College Dublin"
UNIVERSITY_OF_TECHNOLOGY_SYDNEY,"University of Technology Sydney"
DURHAM_UNIVERSITY,"Durham University"
PENN_STATE_UNIVERSITY,"Pennsylvania State University"
PURDUE_UNIVERSITY,"Purdue University West Lafayette"
UNIVERSITY_OF_SAO_PAULO,"Universidade de São Paulo"
PONTIFICIA_UNIVERSIDAD_CATOLICA_DE_CHILE,"Pontificia Universidad Católica de Chile"
MOSCOW_STATE_UNIVERSITY,"Lomonosov Moscow State University"
UNAM,"Universidad Nacional Autónoma de México"
UNIVERSITY_OF_ALBERTA,"University of Alberta"
FREE_UNIVERSITY_OF_BERLIN,"Freie Universitaet Berlin"
POSTECH,"Pohang University of Science and Technology"
RWTH_AACHEN,"RWTH Aachen University"
UNIVERSITY_OF_COPENHAGEN,"University of Copenhagen"
KFUPM,"KFUPM"
KIT_KARLSRUHE,"KIT, Karlsruhe Institute of Technology"
UPPSALA_UNIVERSITY,"Uppsala University"
UNIVERSITY_OF_ST_ANDREWS,"University of St Andrews"
UNIVERSITY_OF_SHEFFIELD,"University of Sheffield"
UTRECHT_UNIVERSITY,"Utrecht University"
TOHOKU_UNIVERSITY,"Tohoku University"
BOSTON_UNIVERSITY,"Boston University"
UNIVERSITY_OF_NOTTINGHAM,"University of Nottingham"
DTU,"Technical University of Denmark"
UNIVERSITY_OF_ZURICH,"University of Zurich"
POLITECNICO_DI_MILANO,"Politecnico di Milano"
AALTO_UNIVERSITY,"Aalto University"
GEORGIA_TECH,"Georgia Institute of Technology"
UNIVERSITY_OF_WATERLOO,"University of Waterloo"
UW_MADISON,"University of Wisconsin–Madison"
UNIVERSITY_OF_HELSINKI,"University of Helsinki"
IIT_BOMBAY,"Indian Institute of Technology Bombay"
UNIVERSITY_OF_OSLO,"University of Oslo (UiO)"
QUEEN_MARY_UNIVERSITY_OF_LONDON,"Queen Mary University of London"
WESTERN_UNIVERSITY_CANADA,"Western University"
QATAR_UNIVERSITY,"Qatar University"
RMIT_UNIVERSITY,"RMIT University"
SKKU,"Sungkyunkwan University"
USC,"University of Southern California"
HUMBOLDT_UNIVERSITY_OF_BERLIN,"Humboldt-Universität zu Berlin"
UCD,"University College Dublin"
STOCKHOLM_UNIVERSITY,"Stockholm University"
NEWCASTLE_UNIVERSITY,"Newcastle University"
UC_DAVIS,"University of California, Davis"
UNIVERSITY_OF_BASEL,"University of Basel"
SAPIENZA_UNIVERSITY_OF_ROME,"Sapienza University of Rome"
UNIVERSITY_OF_BOLOGNA,"University of Bologna"
MACQUARIE_UNIVERSITY,"Macquarie University"
USTC,"University of Science and Technology of China"
TU_EINDHOVEN,"Eindhoven University of Technology (TU/e)"
UNIVERSITY_OF_VIENNA,"University of Vienna"
NATIONAL_UNIVERSITY_OF_MALAYSIA,"National University of Malaysia"
CHALMERS_UNIVERSITY_OF_TECHNOLOGY,"Chalmers University of Technology"
UNIVERSITY_OF_CHILE,"University of Chile"
LANCASTER_UNIVERSITY,"Lancaster University"
LEIDEN_UNIVERSITY,"Leiden University"
RICE_UNIVERSITY,"Rice University"
AARHUS_UNIVERSITY,"Aarhus University"
NANJING_UNIVERSITY,"Nanjing University"
UNIVERSITI_SAINS_MALAYSIA,"Universiti Sains Malaysia"
TU_BERLIN,"Technische Universität Berlin"
UNIVERSITI_PUTRA_MALAYSIA,"Universiti Putra Malaysia"
KING_ABDULAZIZ_UNIVERSITY,"King Abdulaziz University"
IIT_DELHI,"Indian Institute of Technology Delhi"
UNIVERSITY_OF_BATH,"University of Bath"
MICHIGAN_STATE_UNIVERSITY,"Michigan State University"
NAGOYA_UNIVERSITY,"Nagoya University"
TEXAS_A_M_UNIVERSITY,"Texas A&M University"
UNIVERSITY_OF_GENEVA,"University of Geneva"
UNC_CHAPEL_HILL,"University of North Carolina at Chapel Hill"
WAGENINGEN_UNIVERSITY,"Wageningen University & Research"
ERASMUS_UNIVERSITY_ROTTERDAM,"Erasmus University Rotterdam"
UNIVERSITY_OF_GRONINGEN,"University of Groningen"
UNIVERSITY_OF_MONTREAL,"Université de Montréal (UdeM)"
UNIVERSITY_OF_BERN,"University of Bern"
HANYANG_UNIVERSITY,"Hanyang University"
AL_FARABI_KAZAKH_NATIONAL_UNIVERSITY,"Al-Farabi Kazakh National University"
UNIVERSIDAD_COMPLUTENSE_DE_MADRID,"Universidad Complutense de Madrid"
UNIVERSITY_OF_BARCELONA,"Universitat de Barcelona"
UNIVERSITY_OF_LIVERPOOL,"University of Liverpool"
KYUSHU_UNIVERSITY,"Kyushu University"
UNIVERSITY_OF_WOLLONGONG,"University of Wollongong"
GHENT_UNIVERSITY,"Ghent University"
UNIVERSITY_OF_EXETER,"University of Exeter"
UNIVERSITY_OF_CAPE_TOWN,"University of Cape Town"
WASHINGTON_UNIVERSITY_IN_ST_LOUIS,"Washington University in St. Louis"
UNIVERSITY_OF_READING,"University of Reading"
HOKKAIDO_UNIVERSITY,"Hokkaido University"
CURTIN_UNIVERSITY,"Curtin University"
AUTONOMOUS_UNIVERSITY_OF_BARCELONA,"Universitat Autònoma de Barcelona"
MCMASTER_UNIVERSITY,"McMaster University"
UC_SANTA_BARBARA,"University of California, Santa Barbara"
UNIVERSITY_OF_NEWCASTLE_AUSTRALIA,"University of Newcastle Australia (UoN)"
UNIVERSIDAD_DE_LOS_ANDES,"Universidad de Los Andes"
UNIVERSITI_TEKNOLOGI_MALAYSIA,"University of Technology Malaysia"
WASEDA_UNIVERSITY,"Waseda University"
HAMAD_BIN_KHALIFA_UNIVERSITY,"Hamad bin Khalifa University"
UNIVERSITY_OF_YORK,"University of York"
TECNOLOGICO_DE_MONTERREY,"Tecnológico de Monterrey"
CARDIFF_UNIVERSITY,"Cardiff University"
ENS_DE_LYON,"École Normale Supérieure de Lyon"
KEIO_UNIVERSITY,"Keio University"
UNIVERSITY_OF_OTTAWA,"University of Ottawa"
TU_WIEN,"TU Wien"
UNIVERSITY_OF_HAMBURG,"Universität Hamburg"
TONGJI_UNIVERSITY,"Tongji University"
QUEENS_UNIVERSITY_CANADA,"Queen's University"
UNIVERSITY_OF_GOTHENBURG,"University of Gothenburg"
WUHAN_UNIVERSITY,"Wuhan University"
EMORY_UNIVERSITY,"Emory University"
DEAKIN_UNIVERSITY,"Deakin University"
AUTONOMOUS_UNIVERSITY_OF_MADRID,"Universidad Autónoma de Madrid"
UNIVERSITY_OF_CALGARY,"University of Calgary (UoC)"
ARIZONA_STATE_UNIVERSITY,"Arizona State University"
KING_SAUD_UNIVERSITY,"King Saud University"
KHALIFA_UNIVERSITY,"Khalifa University of Science and Technology"
UNIVERSITY_OF_MINNESOTA,"University of Minnesota"
UCLOUVAIN,"UCLouvain"
QUEENS_UNIVERSITY_BELFAST,"Queen's University Belfast"
UNIVERSITY_OF_INDONESIA,"University of Indonesia"
OHIO_STATE_UNIVERSITY,"The Ohio State University"
TEL_AVIV_UNIVERSITY,"Tel Aviv University"
NATIONAL_TSING_HUA_UNIVERSITY,"National Tsing Hua University"
IISC_BANGALORE,"Indian Institute of Science Bangalore"
UNIVERSITY_OF_FREIBURG,"Albert-Ludwigs-Universitaet Freiburg"
QUEENSLAND_UNIVERSITY_OF_TECHNOLOGY,"Queensland University of Technology"
UNIVERSITY_OF_OTAGO,"University of Otago"
NATIONAL_CHENG_KUNG_UNIVERSITY,"National Cheng Kung University"
UNIVERSITY_OF_FLORIDA,"University of Florida"
LA_TROBE_UNIVERSITY,"La Trobe University"
UNIVERSITY_OF_MARYLAND_COLLEGE_PARK,"University of Maryland, College Park"
NATIONAL_YANG_MING_CHIAO_TUNG_UNIVERSITY,"National Yang Ming Chiao Tung University"
UNIVERSIDAD_NACIONAL_DE_COLOMBIA,"Universidad Nacional de Colombia"
VU_AMSTERDAM,"Vrije Universiteit Amsterdam"
UNIVERSITY_OF_TUBINGEN,"University of Tübingen"
IIT_KHARAGPUR,"Indian Institute of Technology Kharagpur"
FAU_ERLANGEN_NURNBERG,"Friedrich-Alexander-Universität Erlangen-Nürnberg"
LOUGHBOROUGH_UNIVERSITY,"Loughborough University"
UNIVERSITY_OF_LAUSANNE,"University of Lausanne"
IIT_MADRAS,"Indian Institute of Technology Madras"
UNIVERSITY_OF_BONN,"University of Bonn"
CHULALONGKORN_UNIVERSITY,"Chulalongkorn University"
MAASTRICHT_UNIVERSITY,"Maastricht University"
UNIVERSITE_LIBRE_DE_BRUXELLES,"Université Libre de Bruxelles"
UNICAMP,"Universidade Estadual de Campinas"
UNIVERSITY_OF_TWENTE,"University of Twente"
TU_DRESDEN,"Technische Universität Dresden"
UNIVERSITY_OF_WAIKATO,"University of Waikato"
UNIVERSITY_OF_ABERDEEN,"University of Aberdeen"
UNIVERSITY_OF_ROCHESTER,"University of Rochester"
UNIVERSITY_OF_PADUA,"University of Padua"
UNIVERSITAS_GADJAH_MADA,"Universitas Gadjah Mada"
MASSEY_UNIVERSITY,"Massey University"
POLITECNICO_DI_TORINO,"Politecnico di Torino"
TU_DARMSTADT,"Technische Universität Darmstadt"
DARTMOUTH_COLLEGE,"Dartmouth College"
VICTORIA_UNIVERSITY_OF_WELLINGTON,"Victoria University of Wellington"
UNIVERSITY_OF_MACAU,"University of Macau"
CHARLES_UNIVERSITY,"Charles University"
UNIVERSITY_OF_SUSSEX,"University of Sussex"
VANDERBILT_UNIVERSITY,"Vanderbilt University"
UNIVERSIDAD_DE_NAVARRA,"Universidad de Navarra"
AMERICAN_UNIVERSITY_OF_BEIRUT,"American University of Beirut"
TAYLORS_UNIVERSITY,"Taylor's University"
HARBIN_INSTITUTE_OF_TECHNOLOGY,"Harbin Institute of Technology"
HONG_KONG_BAPTIST_UNIVERSITY,"Hong Kong Baptist University"
UNIVERSITY_OF_GOTTINGEN,"University of Göttingen"
GRIFFITH_UNIVERSITY,"Griffith University"
BANDUNG_INSTITUTE_OF_TECHNOLOGY,"Bandung Institute of Technology"
HERIOT_WATT_UNIVERSITY,"Heriot-Watt University"
UNIVERSITY_OF_WARSAW,"University of Warsaw"
CASE_WESTERN_RESERVE_UNIVERSITY,"Case Western Reserve University"
UNIVERSITY_OF_LISBON,"University of Lisbon"
UNITED_ARAB_EMIRATES_UNIVERSITY,"United Arab Emirates University"
UNIVERSITY_OF_CANTERBURY,"University of Canterbury"
IIT_KANPUR,"Indian Institute of Technology Kanpur"
NTNU,"Norwegian University of Science and Technology"
UCSI_UNIVERSITY,"UCSI University"
UNIVERSITAT_POMPEU_FABRA,"Universitat Pompeu Fabra"
UNIVERSITY_OF_ANTWERP,"University of Antwerp"
UNIVERSITY_OF_THE_WITWATERSRAND,"University of the Witwatersrand"
TIANJIN_UNIVERSITY,"Tianjin University"
UNIVERSITI_TEKNOLOGI_PETRONAS,"Universiti Teknologi Petronas"
BEIJING_NORMAL_UNIVERSITY,"Beijing Normal University"
RADBOUD_UNIVERSITY,"Radboud University Nijmegen"
UNIVERSITY_COLLEGE_CORK,"University College Cork"
UNIVERSITY_OF_GALWAY,"Ollscoil na Gaillimhe – University of Galway"
DALHOUSIE_UNIVERSITY,"Dalhousie University"
UMASS_AMHERST,"University of Massachusetts Amherst"
UNIVERSITY_OF_PITTSBURGH,"University of Pittsburgh"
UNIVERSITY_OF_PORTO,"Universidade do Porto"
VRIJE_UNIVERSITEIT_BRUSSEL,"Vrije Universiteit Brussel"
UNIST,"Ulsan National Institute of Science and Technology"
HEBREW_UNIVERSITY_OF_JERUSALEM,"Hebrew University of Jerusalem"
UNIVERSITY_OF_STRATHCLYDE,"University of Strathclyde"
PARIS_1_PANTHEON_SORBONNE,"Université Paris 1 Panthéon-Sorbonne"
SOUTHERN_UNIVERSITY_OF_SCIENCE_AND_TECHNOLOGY,"Southern University of Science and Technology"
MIDDLE_EAST_TECHNICAL_UNIVERSITY,"Middle East Technical University"
UNIVERSIDAD_CARLOS_III_DE_MADRID,"Universidad Carlos III de Madrid"
UNIVERSITY_OF_COLOGNE,"University of Cologne"
UNIVERSITY_OF_LEICESTER,"University of Leicester"
UNIVERSITY_OF_MILAN,"University of Milan"
UNIVERSITY_OF_SURREY,"University of Surrey"
SWINBURNE_UNIVERSITY_OF_TECHNOLOGY,"Swinburne University of Technology"
UNIVERSITY_OF_BERGEN,"University of Bergen"
UNIVERSITY_OF_ARIZONA,"University of Arizona"
UNIVERSITY_OF_TASMANIA,"University of Tasmania"
XIAN_JIAOTONG_UNIVERSITY,"Xi'an Jiaotong University"
STELLENBOSCH_UNIVERSITY,"Stellenbosch University"
UNIVERSITY_OF_VIRGINIA,"University of Virginia"
BAUMAN_MOSCOW_STATE_TECHNICAL_UNIVERSITY,"Bauman Moscow State Technical University"
SWANSEA_UNIVERSITY,"Swansea University"
HUAZHONG_UNIVERSITY_OF_SCIENCE_AND_TECHNOLOGY,"Huazhong University of Science and Technology"
GEORGETOWN_UNIVERSITY,"Georgetown University"
BEIJING_INSTITUTE_OF_TECHNOLOGY,"Beijing Institute of Technology"
UNIVERSITE_PARIS_CITE,"Université Paris Cité"
LINKOPING_UNIVERSITY,"Linköping University"
UFRJ,"Universidade Federal do Rio de Janeiro"
AALBORG_UNIVERSITY,"Aalborg University"
UC_IRVINE,"University of California, Irvine"
AIRLANGGA_UNIVERSITY,"Airlangga University"
GOETHE_UNIVERSITY_FRANKFURT,"Goethe University Frankfurt"
UNIVERSITY_OF_INNSBRUCK,"Universität Innsbruck"
NC_STATE_UNIVERSITY,"North Carolina State University"
JAGIELLONIAN_UNIVERSITY,"Jagiellonian University"
UNIVERSITY_OF_JOHANNESBURG,"University of Johannesburg"
UNIVERSITY_OF_STUTTGART,"University of Stuttgart"
QUAID_I_AZAM_UNIVERSITY,"Quaid-i-Azam University"
RUDN_UNIVERSITY,"Peoples' Friendship University of Russia"
SHANDONG_UNIVERSITY,"Shandong University"
UNIVERSITY_OF_NOTRE_DAME,"University of Notre Dame"
SIMON_FRASER_UNIVERSITY,"Simon Fraser University"
CU_BOULDER,"University of Colorado Boulder"
EURASIAN_NATIONAL_UNIVERSITY,"L. N. Gumilyov Eurasian National University"
NATIONAL_TECHNICAL_UNIVERSITY_OF_ATHENS,"National Technical University of Athens"
UNIVERSIDAD_POLITECNICA_DE_MADRID,"Universidad Politécnica de Madrid"
UNIVERSITY_OF_SOUTHERN_DENMARK,"University of Southern Denmark"
DGIST,"Daegu Gyeongbuk Institute of Science and Technology"
ISTANBUL_TECHNICAL_UNIVERSITY,"Istanbul Technical University"
KYUNG_HEE_UNIVERSITY,"Kyung Hee University"
RUTGERS_UNIVERSITY,"Rutgers University–New Brunswick"
UNIVERSITY_OF_DELHI,"University of Delhi"
SUN_YAT_SEN_UNIVERSITY,"Sun Yat-sen University"
AMERICAN_UNIVERSITY_OF_SHARJAH,"American University of Sharjah"
UNIVERSITY_OF_EAST_ANGLIA,"University of East Anglia"
UNIVERSITE_GRENOBLE_ALPES,"Université Grenoble Alpes"
IIT_ROORKEE,"Indian Institute of Technology Roorkee"
FLINDERS_UNIVERSITY,"Flinders University"
LUT_UNIVERSITY,"Lappeenranta-Lahti University of Technology LUT"
SICHUAN_UNIVERSITY,"Sichuan University"
UNIVERSITY_OF_THE_PHILIPPINES_DILIMAN,"University of the Philippines Diliman"
UNIVERSITY_OF_SASKATCHEWAN,"University of Saskatchewan"
UNIVERSITY_OF_SOUTH_AUSTRALIA,"University of South Australia"
BRUNEL_UNIVERSITY_LONDON,"Brunel University of London"
SHARIF_UNIVERSITY_OF_TECHNOLOGY,"Sharif University of Technology"
IIT_GUWAHATI,"Indian Institute of Technology Guwahati"
TUFTS_UNIVERSITY,"Tufts University"
UNIVERSITY_OF_OULU,"University of Oulu"
TILBURG_UNIVERSITY,"Tilburg University"
UNIVERSITY_OF_NAPLES_FEDERICO_II,"University of Naples Federico II"
UNIVERSITY_OF_VICTORIA,"University of Victoria"
CAIRO_UNIVERSITY,"Cairo University"
SCIENCES_PO,"Sciences Po"
NUST_ISLAMABAD,"National University of Sciences & Technology (NUST) Islamabad"
UNIVERSITY_OF_PRETORIA,"University of Pretoria"
INDIANA_UNIVERSITY_BLOOMINGTON,"Indiana University Bloomington"
UNIVERSITY_OF_COIMBRA,"University of Coimbra"
UNIVERSITY_OF_LUXEMBOURG,"University of Luxembourg"
UNIVERSITY_OF_TARTU,"University of Tartu"
GIST,"Gwangju Institute of Science and Technology"
PONTIFICIA_UNIVERSIDAD_CATOLICA_DEL_PERU,"Pontificia Universidad Católica del Perú"
UNIVERSITY_OF_AVEIRO,"University of Aveiro"
SULTAN_QABOOS_UNIVERSITY,"Sultan Qaboos University"
XIAMEN_UNIVERSITY,"Xiamen University"
YORK_UNIVERSITY_CANADA,"York University"
SAINT_PETERSBURG_STATE_UNIVERSITY,"St Petersburg University"
UNIVERSITY_OF_ILLINOIS_CHICAGO,"University of Illinois Chicago"
UNIVERSITY_OF_MUNSTER,"University of Münster"
MAHIDOL_UNIVERSITY,"Mahidol University"
UNIVERSITY_OF_JORDAN,"University of Jordan"
UNIVERSITY_OF_TEHRAN,"University of Tehran"
GEORGE_WASHINGTON_UNIVERSITY,"George Washington University"
LINCOLN_UNIVERSITY_NEW_ZEALAND,"Lincoln University"
UNIVERSITAT_POLITECNICA_DE_CATALUNYA,"Universitat Politècnica de Catalunya"
UNIVERSITY_OF_TURIN,"University of Turin"
UNIVERSITY_OF_FLORENCE,"University of Florence"
UNIVERSITY_OF_TURKU,"University of Turku"
NANKAI_UNIVERSITY,"Nankai University"
PONTIFICIA_UNIVERSIDAD_JAVERIANA,"Pontificia Universidad Javeriana"
UNIVERSITY_OF_TSUKUBA,"University of Tsukuba"
TU_BERGAKADEMIE_FREIBERG,"TU Bergakademie Freiberg"
UNIVERSITY_OF_KENT,"University of Kent"
UNIVERSITY_OF_PISA,"University of Pisa"
ANNA_UNIVERSITY,"Anna University, Chennai"
WESTERN_SYDNEY_UNIVERSITY,"Western Sydney University"
SOUTH_CHINA_UNIVERSITY_OF_TECHNOLOGY,"South China University of Technology"
UNIVERSITI_BRUNEI_DARUSSALAM,"Universiti Brunei Darussalam"
BELARUSIAN_STATE_UNIVERSITY,"Belarusian State University"
NOVA_UNIVERSITY_LISBON,"Universidade Nova de Lisboa"
UNIVERSITY_OF_CYPRUS,"University of Cyprus"
VITA_SALUTE_SAN_RAFFAELE_UNIVERSITY,"Vita-Salute San Raffaele University"
VIRGINIA_TECH,"Virginia Tech"
NATIONAL_TAIWAN_UNIVERSITY_OF_SCIENCE_AND_TECHNOLOGY,"National Taiwan University of Science and Technology"
NATIONAL_AND_KAPODISTRIAN_UNIVERSITY_OF_ATHENS,"National and Kapodistrian University of Athens"
UC_SANTA_CRUZ,"University of California, Santa Cruz"
UNIVERSITY_OF_ROME_TOR_VERGATA,"University of Rome Tor Vergata"
NORTHEASTERN_UNIVERSITY,"Northeastern University"
RUHR_UNIVERSITY_BOCHUM,"Ruhr University Bochum"
SEJONG_UNIVERSITY,"Sejong University"
UNIVERSITY_OF_SOUTHERN_QUEENSLAND,"University of Southern Queensland"
UNIVERSITY_OF_LIEGE,"University of Liège"
KAZAN_FEDERAL_UNIVERSITY,"Kazan Federal University"
KOC_UNIVERSITY,"Koç University"
AMIRKABIR_UNIVERSITY_OF_TECHNOLOGY,"Amirkabir University of Technology"
UNIVERSITY_OF_CANBERRA,"University of Canberra"
INSA_LYON,"Institut National des Sciences Appliquées de Lyon"
SATBAYEV_UNIVERSITY,"Satbayev University"
USI_LUGANO,"USI - Università della Svizzera italiana"
BIRKBECK_UNIVERSITY_OF_LONDON,"Birkbeck, University of London"
MASARYK_UNIVERSITY,"Masaryk University"
HSE_UNIVERSITY,"National Research University Higher School of Economics"
AMERICAN_UNIVERSITY_IN_CAIRO,"American University in Cairo"
AUCKLAND_UNIVERSITY_OF_TECHNOLOGY,"Auckland University of Technology"
GRAZ_UNIVERSITY_OF_TECHNOLOGY,"Graz University of Technology"
YESHIVA_UNIVERSITY,"Yeshiva University"
CONCORDIA_UNIVERSITY,"Concordia University"
OXFORD_BROOKES_UNIVERSITY,"Oxford Brookes University"
TECHNION,"Technion – Israel Institute of Technology"
BOGAZICI_UNIVERSITY,"Boğaziçi University"
UNIVERSITY_OF_DUNDEE,"University of Dundee"
CZECH_TECHNICAL_UNIVERSITY_IN_PRAGUE,"Czech Technical University in Prague"
DUBLIN_CITY_UNIVERSITY,"Dublin City University"
UNIVERSITY_OF_LIMERICK,"University of Limerick"
ASTON_UNIVERSITY,"Aston University"
UNIVERSITE_LAVAL,"Université Laval"
NATIONAL_TAIPEI_UNIVERSITY_OF_TECHNOLOGY,"National Taipei University of Technology"
IPB_UNIVERSITY,"IPB University"
LEIBNIZ_UNIVERSITY_HANNOVER,"Leibniz University Hannover"
UNIVERSITY_OF_WURZBURG,"University of Würzburg"
SOUTHEAST_UNIVERSITY_CHINA,"Southeast University"
UNIVERSITY_OF_SCIENCE_AND_TECHNOLOGY_BEIJING,"University of Science and Technology Beijing"
CENTRAL_SOUTH_UNIVERSITY,"Central South University"
TOMSK_STATE_UNIVERSITY,"National Research Tomsk State University"
UNIVERSIDAD_DE_GRANADA,"Universidad de Granada"
UNIVERSITY_OF_SHARJAH,"University of Sharjah"
IE_UNIVERSITY,"IE University"
IRAN_UNIVERSITY_OF_SCIENCE_AND_TECHNOLOGY,"Iran University of Science and Technology"
MURDOCH_UNIVERSITY,"Murdoch University"
UNIVERSITAT_POLITECNICA_DE_VALENCIA,"Universitat Politècnica de València"
VILNIUS_UNIVERSITY,"Vilnius University"
SUTD,"Singapore University of Technology and Design"
UNIVERSITY_OF_PAVIA,"University of Pavia"
COLORADO_STATE_UNIVERSITY,"Colorado State University"
NOVOSIBIRSK_STATE_UNIVERSITY,"Novosibirsk State University"
UNIVERSITA_CATTOLICA_DEL_SACRO_CUORE,"Università Cattolica del Sacro Cuore"
JAMES_COOK_UNIVERSITY,"James Cook University"
JUSTUS_LIEBIG_UNIVERSITY_GIESSEN,"Justus-Liebig-Universität Gießen"
UNIVERSITY_OF_VALENCIA,"Universitat de València"
DALIAN_UNIVERSITY_OF_TECHNOLOGY,"Dalian University of Technology"
HUNAN_UNIVERSITY,"Hunan University"
UNIVERSITY_OF_MONTPELLIER,"Université de Montpellier"
UESTC,"University of Electronic Science and Technology of China"
BEIHANG_UNIVERSITY,"Beihang University"
NATIONAL_TAIWAN_NORMAL_UNIVERSITY,"National Taiwan Normal University"
UNIVERSITY_OF_KANSAS,"University of Kansas"
UNIVERSITY_OF_STIRLING,"University of Stirling"
MIPT,"Moscow Institute of Physics and Technology"
UMEA_UNIVERSITY,"Umeå University"
UNIVERSITY_OF_GUELPH,"University of Guelph"
UNIVERSITY_OF_STRASBOURG,"Université de Strasbourg"
STONY_BROOK_UNIVERSITY,"Stony Brook University"
UNIVERSIDAD_DE_SANTIAGO_DE_CHILE,"Universidad de Santiago de Chile"
TAMPERE_UNIVERSITY,"Tampere University"
UNIVERSITY_OF_SEVILLE,"Universidad de Sevilla"
MACAU_UNIVERSITY_OF_SCIENCE_AND_TECHNOLOGY,"Macau University of Science and Technology"
KOBE_UNIVERSITY,"Kobe University"
UNIVERSITAT_RAMON_LLULL,"Universitat Ramon Llull"
UNIVERSITY_AT_BUFFALO,"University at Buffalo SUNY"
UNIVERSITY_OF_KONSTANZ,"University of Konstanz"
WASHINGTON_STATE_UNIVERSITY,"Washington State University"
IOWA_STATE_UNIVERSITY,"Iowa State University"
BEN_GURION_UNIVERSITY_OF_THE_NEGEV,"Ben-Gurion University of the Negev"
UNIVERSITY_OF_ESSEX,"Essex, University of"
JOHANNES_KEPLER_UNIVERSITY_LINZ,"Johannes Kepler University of Linz"
BANGOR_UNIVERSITY,"Bangor University"
HIROSHIMA_UNIVERSITY,"Hiroshima University"
UNIVERSITY_OF_POTSDAM,"University of Potsdam"
AJMAN_UNIVERSITY,"Ajman University"
BILKENT_UNIVERSITY,"Bilkent University"
IIT_INDORE,"Indian Institute of Technology Indore"
ROYAL_HOLLOWAY_UNIVERSITY_OF_LONDON,"Royal Holloway University of London"
AIX_MARSEILLE_UNIVERSITY,"Aix-Marseille Université"
PONTIFICIA_UNIVERSIDAD_CATOLICA_ARGENTINA,"Pontificia Universidad Católica Argentina"
UNIVERSITY_OF_TENNESSEE_KNOXVILLE,"University of Tennessee at Knoxville"
CHINA_AGRICULTURAL_UNIVERSITY,"China Agricultural University"
AMERICAN_UNIVERSITY_OF_RAS_AL_KHAIMAH,"American University of Ras Al Khaimah"
NATIONAL_SUN_YAT_SEN_UNIVERSITY,"National Sun Yat-sen University"
UNIVERSITY_OF_MANNHEIM,"University of Mannheim"
UNIVERSITY_OF_HAWAII_AT_MANOA,"University of Hawaiʻi at Mānoa"
CHONGQING_UNIVERSITY,"Chongqing University"
CHUNG_ANG_UNIVERSITY,"Chung-Ang University"
ISFAHAN_UNIVERSITY_OF_TECHNOLOGY,"Isfahan University of Technology"
SHANGHAI_UNIVERSITY,"Shanghai University"
UNESP,"Universidade Estadual Paulista (Unesp)"
UNIVERSITY_OF_JYVASKYLA,"University of Jyväskylä"
CENTRAL_QUEENSLAND_UNIVERSITY,"Central Queensland University"
DUY_TAN_UNIVERSITY,"Duy Tan University"
JILIN_UNIVERSITY,"Jilin University"
MEPHI,"National Research Nuclear University MEPhI"
UNIVERSIDAD_DE_COSTA_RICA,"Universidad de Costa Rica"
UC_RIVERSIDE,"University of California, Riverside"
AMES_NATIONAL_LABORATORY,"Ames National Laboratory"
ARGONNE_NATIONAL_LABORATORY,"Argonne National Laboratory"
BROOKHAVEN_NATIONAL_LABORATORY,"Brookhaven National Laboratory"
FERMI_NATIONAL_ACCELERATOR_LABORATORY,"Fermi National Accelerator Laboratory"
IDAHO_NATIONAL_LABORATORY,"Idaho National Laboratory"
LAWRENCE_BERKELEY_NATIONAL_LABORATORY,"Lawrence Berkeley National Laboratory"
LAWRENCE_LIVERMORE_NATIONAL_LABORATORY,"Lawrence Livermore National Laboratory"
LOS_ALAMOS_NATIONAL_LABORATORY,"Los Alamos National Laboratory"
NATIONAL_ENERGY_TECHNOLOGY_LABORATORY,"National Energy Technology Laboratory"
NATIONAL_RENEWABLE_ENERGY_LABORATORY,"National Renewable Energy Laboratory"
OAK_RIDGE_NATIONAL_LABORATORY,"Oak Ridge National Laboratory"
PACIFIC_NORTHWEST_NATIONAL_LABORATORY,"Pacific Northwest National Laboratory"
PRINCETON_PLASMA_PHYSICS_LABORATORY,"Princeton Plasma Physics Laboratory"
SANDIA_NATIONAL_LABORATORIES,"Sandia National Laboratories"
SAVANNAH_RIVER_NATIONAL_LABORATORY,"Savannah River National Laboratory"
SLAC_NATIONAL_ACCELERATOR_LABORATORY,"SLAC National Accelerator Laboratory"
THOMAS_JEFFERSON_NATIONAL_ACCELERATOR_FACILITY,"Thomas Jefferson National Accelerator Facility"
AMES_RESEARCH_CENTER,"Ames Research Center"
ARMSTRONG_FLIGHT_RESEARCH_CENTER,"Armstrong Flight Research Center"
GLENN_RESEARCH_CENTER,"Glenn Research Center"
GODDARD_SPACE_FLIGHT_CENTER,"Goddard Space Flight Center"
JET_PROPULSION_LABORATORY,"Jet Propulsion Laboratory"
JOHNSON_SPACE_CENTER,"Johnson Space Center"
KENNEDY_SPACE_CENTER,"Kennedy Space Center"
LANGLEY_RESEARCH_CENTER,"Langley Research Center"
MARSHALL_SPACE_FLIGHT_CENTER,"Marshall Space Flight Center"
STENNIS_SPACE_CENTER,"Stennis Space Center"
NATIONAL_CANCER_INSTITUTE,"National Cancer Institute"
NATIONAL_EYE_INSTITUTE,"National Eye Institute"
NATIONAL_HEART_LUNG_AND_BLOOD_INSTITUTE,"National Heart, Lung, and Blood Institute"
NATIONAL_HUMAN_GENOME_RESEARCH_INSTITUTE,"National Human Genome Research Institute"
NATIONAL_INSTITUTE_ON_AGING,"National Institute on Aging"
NATIONAL_INSTITUTE_ON_ALCOHOL_ABUSE_AND_ALCOHOLISM,"National Institute on Alcohol Abuse and Alcoholism"
NATIONAL_INSTITUTE_OF_ALLERGY_AND_INFECTIOUS_DISEASES,"National Institute of Allergy and Infectious Diseases"
NATIONAL_INSTITUTE_OF_ARTHRITIS_AND_MUSCULOSKELETAL_AND_SKIN_DISEASES,"National Institute of Arthritis and Musculoskeletal and Skin Diseases"
NATIONAL_INSTITUTE_OF_BIOMEDICAL_IMAGING_AND_BIOENGINEERING,"National Institute of Biomedical Imaging and Bioengineering"
NATIONAL_INSTITUTE_OF_CHILD_HEALTH_AND_HUMAN_DEVELOPMENT,"National Institute of Child Health and Human Development"
NATIONAL_INSTITUTE_ON_DEAFNESS_AND_OTHER_COMMUNICATION_DISORDERS,"National Institute on Deafness and Other Communication Disorders"
NATIONAL_INSTITUTE_OF_DENTAL_AND_CRANIOFACIAL_RESEARCH,"National Institute of Dental and Craniofacial Research"
NATIONAL_INSTITUTE_OF_DIABETES_AND_DIGESTIVE_AND_KIDNEY_DISEASES,"National Institute of Diabetes and Digestive and Kidney Diseases"
NATIONAL_INSTITUTE_ON_DRUG_ABUSE,"National Institute on Drug Abuse"
NATIONAL_INSTITUTE_OF_ENVIRONMENTAL_HEALTH_SCIENCES,"National Institute of Environmental Health Sciences"
NATIONAL_INSTITUTE_OF_GENERAL_MEDICAL_SCIENCES,"National Institute of General Medical Sciences"
NATIONAL_INSTITUTE_OF_MENTAL_HEALTH,"National Institute of Mental Health"
NATIONAL_INSTITUTE_ON_MINORITY_HEALTH_AND_HEALTH_DISPARITIES,"National Institute on Minority Health and Health Disparities"
NATIONAL_INSTITUTE_OF_NEUROLOGICAL_DISORDERS_AND_STROKE,"National Institute of Neurological Disorders and Stroke"
NATIONAL_INSTITUTE_OF_NURSING_RESEARCH,"National Institute of Nursing Research"
NATIONAL_LIBRARY_OF_MEDICINE,"National Library of Medicine"
FOGARTY_INTERNATIONAL_CENTER,"Fogarty International Center"
NATIONAL_CENTER_FOR_ADVANCING_TRANSLATIONAL_SCIENCES,"National Center for Advancing Translational Sciences"
NATIONAL_CENTER_FOR_COMPLEMENTARY_AND_INTEGRATIVE_HEALTH,"National Center for Complementary and Integrative Health"
NIH_CLINICAL_CENTER,"NIH Clinical Center"
ATLANTIC_OCEANOGRAPHIC_AND_METEOROLOGICAL_LABORATORY,"Atlantic Oceanographic and Meteorological Laboratory"
AIR_RESOURCES_LABORATORY,"Air Resources Laboratory"
CHEMICAL_SCIENCES_LABORATORY,"Chemical Sciences Laboratory"
GEOPHYSICAL_FLUID_DYNAMICS_LABORATORY,"Geophysical Fluid Dynamics Laboratory"
GREAT_LAKES_ENVIRONMENTAL_RESEARCH_LABORATORY,"Great Lakes Environmental Research Laboratory"
GLOBAL_MONITORING_LABORATORY,"Global Monitoring Laboratory"
GLOBAL_SYSTEMS_LABORATORY,"Global Systems Laboratory"
NATIONAL_SEVERE_STORMS_LABORATORY,"National Severe Storms Laboratory"
PACIFIC_MARINE_ENVIRONMENTAL_LABORATORY,"Pacific Marine Environmental Laboratory"
PHYSICAL_SCIENCES_LABORATORY,"Physical Sciences Laboratory"
MAX_PLANCK_INSTITUTE_FOR_EMPIRICAL_AESTHETICS,"Max Planck Institute for Empirical Aesthetics"
MAX_PLANCK_INSTITUTE_OF_ANIMAL_BEHAVIOR,"Max Planck Institute of Animal Behavior"
MAX_PLANCK_INSTITUTE_FOR_EVOLUTIONARY_ANTHROPOLOGY,"Max Planck Institute for Evolutionary Anthropology"
MAX_PLANCK_INSTITUTE_FOR_SOCIAL_ANTHROPOLOGY,"Max Planck Institute for Social Anthropology"
MAX_PLANCK_INSTITUTE_FOR_ASTRONOMY,"Max Planck Institute for Astronomy"
MAX_PLANCK_INSTITUTE_FOR_ASTROPHYSICS,"Max Planck Institute for Astrophysics"
BIBLIOTHECA_HERTZIANA_MAX_PLANCK_INSTITUTE_FOR_ART_HISTORY,"Bibliotheca Hertziana – Max Planck Institute for Art History"
MAX_PLANCK_INSTITUTE_OF_BIOCHEMISTRY,"Max Planck Institute of Biochemistry"
MAX_PLANCK_INSTITUTE_FOR_BIOGEOCHEMISTRY,"Max Planck Institute for Biogeochemistry"
MAX_PLANCK_INSTITUTE_FOR_BIOLOGICAL_INTELLIGENCE,"Max Planck Institute for Biological Intelligence"
MAX_PLANCK_INSTITUTE_FOR_BIOLOGY_OF_AGEING,"Max Planck Institute for Biology of Ageing"
MAX_PLANCK_INSTITUTE_FOR_MOLECULAR_BIOMEDICINE,"Max Planck Institute for Molecular Biomedicine"
MAX_PLANCK_INSTITUTE_FOR_BIOLOGY_TUBINGEN,"Max Planck Institute for Biology Tübingen"
MAX_PLANCK_INSTITUTE_OF_BIOPHYSICS,"Max Planck Institute of Biophysics"
MAX_PLANCK_INSTITUTE_FOR_BRAIN_RESEARCH,"Max Planck Institute for Brain Research"
MAX_PLANCK_INSTITUTE_OF_MOLECULAR_CELL_BIOLOGY_AND_GENETICS,"Max Planck Institute of Molecular Cell Biology and Genetics"
MAX_PLANCK_INSTITUTE_FOR_CHEMISTRY,"Max Planck Institute for Chemistry"
MAX_PLANCK_INSTITUTE_FOR_COAL_RESEARCH,"Max Planck Institute for Coal Research"
MAX_PLANCK_INSTITUTE_FOR_HUMAN_COGNITIVE_AND_BRAIN_SCIENCES,"Max Planck Institute for Human Cognitive and Brain Sciences"
MAX_PLANCK_INSTITUTE_FOR_RESEARCH_ON_COLLECTIVE_GOODS,"Max Planck Institute for Research on Collective Goods"
MAX_PLANCK_INSTITUTE_OF_COLLOIDS_AND_INTERFACES,"Max Planck Institute of Colloids and Interfaces"
MAX_PLANCK_INSTITUTE_FOR_THE_STUDY_OF_CRIME_SECURITY_AND_LAW,"Max Planck Institute for the Study of Crime, Security and Law"
MAX_PLANCK_INSTITUTE_FOR_BIOLOGICAL_CYBERNETICS,"Max Planck Institute for Biological Cybernetics"
MAX_PLANCK_INSTITUTE_FOR_DEMOGRAPHIC_RESEARCH,"Max Planck Institute for Demographic Research"
MAX_PLANCK_INSTITUTE_FOR_THE_STUDY_OF_RELIGIOUS_AND_ETHNIC_DIVERSITY,"Max Planck Institute for the Study of Religious and Ethnic Diversity"
MAX_PLANCK_INSTITUTE_FOR_DYNAMICS_OF_COMPLEX_TECHNICAL_SYSTEMS,"Max Planck Institute for Dynamics of Complex Technical Systems"
MAX_PLANCK_INSTITUTE_FOR_DYNAMICS_AND_SELF_ORGANIZATION,"Max Planck Institute for Dynamics and Self-Organization"
MAX_PLANCK_INSTITUTE_FOR_CHEMICAL_ECOLOGY,"Max Planck Institute for Chemical Ecology"
MAX_PLANCK_INSTITUTE_FOR_CHEMICAL_ENERGY_CONVERSION,"Max Planck Institute for Chemical Energy Conversion"
ERNST_STRUNGMANN_INSTITUTE_FOR_NEUROSCIENCE_IN_COOPERATION_WITH_MAX_PLANCK_SOCIETY,"Ernst Strüngmann Institute for Neuroscience in Cooperation with Max Planck Society"
MAX_PLANCK_INSTITUTE_FOR_EVOLUTIONARY_BIOLOGY,"Max Planck Institute for Evolutionary Biology"
MAX_PLANCK_FLORIDA_INSTITUTE_FOR_NEUROSCIENCE,"Max Planck Florida Institute for Neuroscience"
FRIEDRICH_MIESCHER_LABORATORY_OF_THE_MAX_PLANCK_SOCIETY,"Friedrich Miescher Laboratory of the Max Planck Society"
FRITZ_HABER_INSTITUTE_OF_THE_MAX_PLANCK_SOCIETY,"Fritz Haber Institute of the Max Planck Society"
MAX_PLANCK_INSTITUTE_FOR_MOLECULAR_GENETICS,"Max Planck Institute for Molecular Genetics"
MAX_PLANCK_INSTITUTE_OF_GEOANTHROPOLOGY,"Max Planck Institute of Geoanthropology"
MAX_PLANCK_INSTITUTE_FOR_GRAVITATIONAL_PHYSICS,"Max Planck Institute for Gravitational Physics"
MAX_PLANCK_INSTITUTE_FOR_HEART_AND_LUNG_RESEARCH,"Max Planck Institute for Heart and Lung Research"
MAX_PLANCK_INSTITUTE_FOR_THE_HISTORY_OF_SCIENCE,"Max Planck Institute for the History of Science"
MAX_PLANCK_INSTITUTE_FOR_HUMAN_DEVELOPMENT,"Max Planck Institute for Human Development"
MAX_PLANCK_INSTITUTE_OF_IMMUNOBIOLOGY_AND_EPIGENETICS,"Max Planck Institute of Immunobiology and Epigenetics"
MAX_PLANCK_INSTITUTE_FOR_INFECTION_BIOLOGY,"Max Planck Institute for Infection Biology"
MAX_PLANCK_INSTITUTE_FOR_INFORMATICS,"Max Planck Institute for Informatics"
MAX_PLANCK_INSTITUTE_FOR_INNOVATION_AND_COMPETITION,"Max Planck Institute for Innovation and Competition"
MAX_PLANCK_INSTITUTE_FOR_INTELLIGENT_SYSTEMS,"Max Planck Institute for Intelligent Systems"
KUNSTHISTORISCHES_INSTITUT_IN_FLORENZ,"Kunsthistorisches Institut in Florenz"
MAX_PLANCK_INSTITUTE_FOR_COMPARATIVE_AND_INTERNATIONAL_PRIVATE_LAW,"Max Planck Institute for Comparative and International Private Law"
MAX_PLANCK_INSTITUTE_FOR_COMPARATIVE_PUBLIC_LAW_AND_INTERNATIONAL_LAW,"Max Planck Institute for Comparative Public Law and International Law"
MAX_PLANCK_INSTITUTE_FOR_SOCIAL_LAW_AND_SOCIAL_POLICY,"Max Planck Institute for Social Law and Social Policy"
MAX_PLANCK_INSTITUTE_FOR_TAX_LAW_AND_PUBLIC_FINANCE,"Max Planck Institute for Tax Law and Public Finance"
MAX_PLANCK_INSTITUTE_FOR_LEGAL_HISTORY_AND_LEGAL_THEORY,"Max Planck Institute for Legal History and Legal Theory"
MAX_PLANCK_INSTITUTE_FOR_MATHEMATICS,"Max Planck Institute for Mathematics"
MAX_PLANCK_INSTITUTE_FOR_MATHEMATICS_IN_THE_SCIENCES,"Max Planck Institute for Mathematics in the Sciences"
MAX_PLANCK_INSTITUTE_FOR_MEDICAL_RESEARCH,"Max Planck Institute for Medical Research"
MAX_PLANCK_INSTITUTE_FOR_METABOLISM_RESEARCH,"Max Planck Institute for Metabolism Research"
MAX_PLANCK_INSTITUTE_FOR_METEOROLOGY,"Max Planck Institute for Meteorology"
MAX_PLANCK_INSTITUTE_FOR_MARINE_MICROBIOLOGY,"Max Planck Institute for Marine Microbiology"
MAX_PLANCK_INSTITUTE_FOR_TERRESTRIAL_MICROBIOLOGY,"Max Planck Institute for Terrestrial Microbiology"
MAX_PLANCK_INSTITUTE_OF_MICROSTRUCTURE_PHYSICS,"Max Planck Institute of Microstructure Physics"
MAX_PLANCK_INSTITUTE_FOR_MULTIDISCIPLINARY_SCIENCES,"Max Planck Institute for Multidisciplinary Sciences"
MAX_PLANCK_INSTITUTE_FOR_NEUROBIOLOGY_OF_BEHAVIOR_CAESAR,"Max Planck Institute for Neurobiology of Behavior – caesar"
MAX_PLANCK_RESEARCH_UNIT_FOR_NEUROGENETICS,"Max Planck Research Unit for Neurogenetics"
MAX_PLANCK_UNIT_FOR_THE_SCIENCE_OF_PATHOGENS,"Max Planck Unit for the Science of Pathogens"
MAX_PLANCK_INSTITUTE_FOR_NUCLEAR_PHYSICS,"Max Planck Institute for Nuclear Physics"
MAX_PLANCK_INSTITUTE_FOR_PHYSICS,"Max Planck Institute for Physics"
MAX_PLANCK_INSTITUTE_FOR_THE_PHYSICS_OF_COMPLEX_SYSTEMS,"Max Planck Institute for the Physics of Complex Systems"
MAX_PLANCK_INSTITUTE_FOR_CHEMICAL_PHYSICS_OF_SOLIDS,"Max Planck Institute for Chemical Physics of Solids"
MAX_PLANCK_INSTITUTE_FOR_EXTRATERRESTRIAL_PHYSICS,"Max Planck Institute for Extraterrestrial Physics"
MAX_PLANCK_INSTITUTE_FOR_THE_SCIENCE_OF_LIGHT,"Max Planck Institute for the Science of Light"
MAX_PLANCK_INSTITUTE_OF_MOLECULAR_PHYSIOLOGY,"Max Planck Institute of Molecular Physiology"
MAX_PLANCK_INSTITUTE_FOR_PLANT_BREEDING_RESEARCH,"Max Planck Institute for Plant Breeding Research"
MAX_PLANCK_INSTITUTE_OF_MOLECULAR_PLANT_PHYSIOLOGY,"Max Planck Institute of Molecular Plant Physiology"
MAX_PLANCK_INSTITUTE_FOR_PLASMA_PHYSICS,"Max Planck Institute for Plasma Physics"
MAX_PLANCK_INSTITUTE_FOR_POLYMER_RESEARCH,"Max Planck Institute for Polymer Research"
MAX_PLANCK_INSTITUTE_OF_PSYCHIATRY,"Max Planck Institute of Psychiatry"
MAX_PLANCK_INSTITUTE_FOR_PSYCHOLINGUISTICS,"Max Planck Institute for Psycholinguistics"
MAX_PLANCK_INSTITUTE_OF_QUANTUM_OPTICS,"Max Planck Institute of Quantum Optics"
MAX_PLANCK_INSTITUTE_FOR_RADIO_ASTRONOMY,"Max Planck Institute for Radio Astronomy"
MAX_PLANCK_INSTITUTE_FOR_SECURITY_AND_PRIVACY,"Max Planck Institute for Security and Privacy"
MAX_PLANCK_INSTITUTE_FOR_THE_STUDY_OF_SOCIETIES,"Max Planck Institute for the Study of Societies"
MAX_PLANCK_INSTITUTE_FOR_SOFTWARE_SYSTEMS,"Max Planck Institute for Software Systems"
MAX_PLANCK_INSTITUTE_FOR_SOLAR_SYSTEM_RESEARCH,"Max Planck Institute for Solar System Research"
MAX_PLANCK_INSTITUTE_FOR_SOLID_STATE_RESEARCH,"Max Planck Institute for Solid State Research"
MAX_PLANCK_INSTITUTE_FOR_THE_STRUCTURE_AND_DYNAMICS_OF_MATTER,"Max Planck Institute for the Structure and Dynamics of Matter"
MAX_PLANCK_INSTITUTE_FOR_SUSTAINABLE_MATERIALS,"Max Planck Institute for Sustainable Materials"
FRAUNHOFER_INSTITUTE_FOR_ADDITIVE_PRODUCTION_TECHNOLOGIES_IAPT,"Fraunhofer Institute for Additive Production Technologies IAPT"
FRAUNHOFER_INSTITUTE_FOR_ALGORITHMS_AND_SCIENTIFIC_COMPUTING_SCAI,"Fraunhofer Institute for Algorithms and Scientific Computing SCAI"
FRAUNHOFER_INSTITUTE_FOR_APPLIED_INFORMATION_TECHNOLOGY_FIT,"Fraunhofer Institute for Applied Information Technology FIT"
FRAUNHOFER_INSTITUTE_FOR_APPLIED_AND_INTEGRATED_SECURITY_AISEC,"Fraunhofer Institute for Applied and Integrated Security AISEC"
FRAUNHOFER_INSTITUTE_FOR_APPLIED_OPTICS_AND_PRECISION_ENGINEERING_IOF,"Fraunhofer Institute for Applied Optics and Precision Engineering IOF"
FRAUNHOFER_INSTITUTE_FOR_APPLIED_POLYMER_RESEARCH_IAP,"Fraunhofer Institute for Applied Polymer Research IAP"
FRAUNHOFER_INSTITUTE_FOR_APPLIED_SOLID_STATE_PHYSICS_IAF,"Fraunhofer Institute for Applied Solid State Physics IAF"
FRAUNHOFER_RESEARCH_FAB_BATTERY_CELLS_FFB,"Fraunhofer Research Fab Battery Cells FFB"
FRAUNHOFER_INSTITUTE_FOR_BIOMEDICAL_ENGINEERING_IBMT,"Fraunhofer Institute for Biomedical Engineering IBMT"
FRAUNHOFER_INSTITUTE_FOR_BUILDING_PHYSICS_IBP,"Fraunhofer Institute for Building Physics IBP"
FRAUNHOFER_INSTITUTE_FOR_CASTING_COMPOSITE_AND_PROCESSING_TECHNOLOGY_IGCV,"Fraunhofer Institute for Casting, Composite and Processing Technology IGCV"
FRAUNHOFER_INSTITUTE_FOR_CELL_THERAPY_AND_IMMUNOLOGY_IZI,"Fraunhofer Institute for Cell Therapy and Immunology IZI"
FRAUNHOFER_INSTITUTE_FOR_CERAMIC_TECHNOLOGIES_AND_SYSTEMS_IKTS,"Fraunhofer Institute for Ceramic Technologies and Systems IKTS"
FRAUNHOFER_INSTITUTE_FOR_CHEMICAL_TECHNOLOGY_ICT,"Fraunhofer Institute for Chemical Technology ICT"
FRAUNHOFER_INSTITUTE_FOR_COMMUNICATION_INFORMATION_PROCESSING_AND_ERGONOMICS_FKIE,"Fraunhofer Institute for Communication, Information Processing and Ergonomics FKIE"
FRAUNHOFER_INSTITUTE_FOR_COMPUTER_GRAPHICS_RESEARCH_IGD,"Fraunhofer Institute for Computer Graphics Research IGD"
FRAUNHOFER_INSTITUTE_FOR_DIGITAL_MEDIA_TECHNOLOGY_IDMT,"Fraunhofer Institute for Digital Media Technology IDMT"
FRAUNHOFER_INSTITUTE_FOR_DIGITAL_MEDICINE_MEVIS,"Fraunhofer Institute for Digital Medicine MEVIS"
FRAUNHOFER_INSTITUTE_FOR_ELECTRON_BEAM_AND_PLASMA_TECHNOLOGY_FEP,"Fraunhofer Institute for Electron Beam and Plasma Technology FEP"
FRAUNHOFER_INSTITUTE_FOR_ELECTRONIC_NANO_SYSTEMS_ENAS,"Fraunhofer Institute for Electronic Nano Systems ENAS"
FRAUNHOFER_INSTITUTE_FOR_ENERGY_ECONOMICS_AND_ENERGY_SYSTEM_TECHNOLOGY_IEE,"Fraunhofer Institute for Energy Economics and Energy System Technology IEE"
FRAUNHOFER_RESEARCH_INSTITUTION_FOR_ENERGY_INFRASTRUCTURES_AND_GEOTHERMAL_SYSTEMS_IEG,"Fraunhofer Research Institution for Energy Infrastructures and Geothermal Systems IEG"
FRAUNHOFER_INSTITUTE_FOR_ENVIRONMENTAL_SAFETY_AND_ENERGY_TECHNOLOGY_UMSICHT,"Fraunhofer Institute for Environmental, Safety and Energy Technology UMSICHT"
FRAUNHOFER_INSTITUTE_FOR_COGNITIVE_SYSTEMS_IKS,"Fraunhofer Institute for Cognitive Systems IKS"
FRAUNHOFER_INSTITUTE_FOR_EXPERIMENTAL_SOFTWARE_ENGINEERING_IESE,"Fraunhofer Institute for Experimental Software Engineering IESE"
FRAUNHOFER_INSTITUTE_FOR_FACTORY_OPERATION_AND_AUTOMATION_IFF,"Fraunhofer Institute for Factory Operation and Automation IFF"
FRAUNHOFER_INSTITUTE_FOR_HIGH_FREQUENCY_PHYSICS_AND_RADAR_TECHNIQUES_FHR,"Fraunhofer Institute for High Frequency Physics and Radar Techniques FHR"
FRAUNHOFER_INSTITUTE_FOR_HIGH_SPEED_DYNAMICS_ERNST_MACH_INSTITUT_EMI,"Fraunhofer Institute for High-Speed Dynamics, Ernst-Mach-Institut EMI"
FRAUNHOFER_RESEARCH_INSTITUTION_FOR_INDIVIDUALIZED_AND_CELL_BASED_MEDICAL_ENGINEERING_IMTE,"Fraunhofer Research Institution for Individualized and Cell-Based Medical Engineering IMTE"
FRAUNHOFER_INSTITUTE_FOR_INDUSTRIAL_ENGINEERING_IAO,"Fraunhofer Institute for Industrial Engineering IAO"
FRAUNHOFER_INSTITUTE_FOR_INDUSTRIAL_MATHEMATICS_ITWM,"Fraunhofer Institute for Industrial Mathematics ITWM"
FRAUNHOFER_INFORMATION_CENTER_FOR_PLANNING_AND_BUILDING_IRB,"Fraunhofer Information Center for Planning and Building IRB"
FRAUNHOFER_INSTITUTE_FOR_INTEGRATED_CIRCUITS_IIS,"Fraunhofer Institute for Integrated Circuits IIS"
FRAUNHOFER_INSTITUTE_FOR_INTEGRATED_SYSTEMS_AND_DEVICE_TECHNOLOGY_IISB,"Fraunhofer Institute for Integrated Systems and Device Technology IISB"
FRAUNHOFER_INSTITUTE_FOR_INTELLIGENT_ANALYSIS_AND_INFORMATION_SYSTEMS_IAIS,"Fraunhofer Institute for Intelligent Analysis and Information Systems IAIS"
FRAUNHOFER_INSTITUTE_FOR_INTERFACIAL_ENGINEERING_AND_BIOTECHNOLOGY_IGB,"Fraunhofer Institute for Interfacial Engineering and Biotechnology IGB"
FRAUNHOFER_INSTITUTE_FOR_LARGE_STRUCTURES_IN_PRODUCTION_ENGINEERING_IGP,"Fraunhofer Institute for Large Structures in Production Engineering IGP"
FRAUNHOFER_INSTITUTE_FOR_LASER_TECHNOLOGY_ILT,"Fraunhofer Institute for Laser Technology ILT"
FRAUNHOFER_INSTITUTE_FOR_MACHINE_TOOLS_AND_FORMING_TECHNOLOGY_IWU,"Fraunhofer Institute for Machine Tools and Forming Technology IWU"
FRAUNHOFER_INSTITUTE_FOR_MANUFACTURING_TECHNOLOGY_AND_ADVANCED_MATERIALS_IFAM,"Fraunhofer Institute for Manufacturing Technology and Advanced Materials IFAM"
FRAUNHOFER_INSTITUTE_FOR_MANUFACTURING_ENGINEERING_AND_AUTOMATION_IPA,"Fraunhofer Institute for Manufacturing Engineering and Automation IPA"
FRAUNHOFER_INSTITUTE_FOR_MATERIAL_AND_BEAM_TECHNOLOGY_IWS,"Fraunhofer Institute for Material and Beam Technology IWS"
FRAUNHOFER_INSTITUTE_FOR_MATERIAL_FLOW_AND_LOGISTICS_IML,"Fraunhofer Institute for Material Flow and Logistics IML"
FRAUNHOFER_RESEARCH_INSTITUTION_FOR_MATERIALS_RECYCLING_AND_RESOURCE_STRATEGIES_IWKS,"Fraunhofer Research Institution for Materials Recycling and Resource Strategies IWKS"
FRAUNHOFER_INSTITUTE_FOR_MECHANICS_OF_MATERIALS_IWM,"Fraunhofer Institute for Mechanics of Materials IWM"
FRAUNHOFER_INSTITUTE_FOR_MECHATRONIC_SYSTEMS_DESIGN_IEM,"Fraunhofer Institute for Mechatronic Systems Design IEM"
FRAUNHOFER_INSTITUTE_FOR_MICROELECTRONIC_CIRCUITS_AND_SYSTEMS_IMS,"Fraunhofer Institute for Microelectronic Circuits and Systems IMS"
FRAUNHOFER_INSTITUTE_FOR_MICROENGINEERING_AND_MICROSYSTEMS_IMM,"Fraunhofer Institute for Microengineering and Microsystems IMM"
FRAUNHOFER_INSTITUTE_FOR_MICROSTRUCTURE_OF_MATERIALS_AND_SYSTEMS_IMWS,"Fraunhofer Institute for Microstructure of Materials and Systems IMWS"
FRAUNHOFER_RESEARCH_INSTITUTION_FOR_MICROSYSTEMS_AND_SOLID_STATE_TECHNOLOGIES_EMFT,"Fraunhofer Research Institution for Microsystems and Solid State Technologies EMFT"
FRAUNHOFER_INSTITUTE_FOR_MOLECULAR_BIOLOGY_AND_APPLIED_ECOLOGY_IME,"Fraunhofer Institute for Molecular Biology and Applied Ecology IME"
FRAUNHOFER_INSTITUTE_FOR_NONDESTRUCTIVE_TESTING_IZFP,"Fraunhofer Institute for Nondestructive Testing IZFP"
FRAUNHOFER_INSTITUTE_FOR_OPTRONICS_SYSTEM_TECHNOLOGIES_AND_IMAGE_EXPLOITATION_IOSB,"Fraunhofer Institute for Optronics, System Technologies and Image Exploitation IOSB"
FRAUNHOFER_INSTITUTE_FOR_OPEN_COMMUNICATION_SYSTEMS_FOKUS,"Fraunhofer Institute for Open Communication Systems FOKUS"
FRAUNHOFER_INSTITUTE_FOR_PHOTONIC_MICROSYSTEMS_IPMS,"Fraunhofer Institute for Photonic Microsystems IPMS"
FRAUNHOFER_INSTITUTE_FOR_PHYSICAL_MEASUREMENT_TECHNIQUES_IPM,"Fraunhofer Institute for Physical Measurement Techniques IPM"
FRAUNHOFER_INSTITUTE_FOR_PROCESS_ENGINEERING_AND_PACKAGING_IVV,"Fraunhofer Institute for Process Engineering and Packaging IVV"
FRAUNHOFER_INSTITUTE_FOR_PRODUCTION_SYSTEMS_AND_DESIGN_TECHNOLOGY_IPK,"Fraunhofer Institute for Production Systems and Design Technology IPK"
FRAUNHOFER_INSTITUTE_FOR_PRODUCTION_TECHNOLOGY_IPT,"Fraunhofer Institute for Production Technology IPT"
FRAUNHOFER_INSTITUTE_FOR_RELIABILITY_AND_MICROINTEGRATION_IZM,"Fraunhofer Institute for Reliability and Microintegration IZM"
FRAUNHOFER_INSTITUTE_FOR_SECURE_INFORMATION_TECHNOLOGY_SIT,"Fraunhofer Institute for Secure Information Technology SIT"
FRAUNHOFER_INSTITUTE_FOR_SILICATE_RESEARCH_ISC,"Fraunhofer Institute for Silicate Research ISC"
FRAUNHOFER_INSTITUTE_FOR_SILICON_TECHNOLOGY_ISIT,"Fraunhofer Institute for Silicon Technology ISIT"
FRAUNHOFER_INSTITUTE_FOR_SOFTWARE_AND_SYSTEMS_ENGINEERING_ISST,"Fraunhofer Institute for Software and Systems Engineering ISST"
FRAUNHOFER_INSTITUTE_FOR_SOLAR_ENERGY_SYSTEMS_ISE,"Fraunhofer Institute for Solar Energy Systems ISE"
FRAUNHOFER_INSTITUTE_FOR_STRUCTURAL_DURABILITY_AND_SYSTEM_RELIABILITY_LBF,"Fraunhofer Institute for Structural Durability and System Reliability LBF"
FRAUNHOFER_INSTITUTE_FOR_SURFACE_ENGINEERING_AND_THIN_FILMS_IST,"Fraunhofer Institute for Surface Engineering and Thin Films IST"
FRAUNHOFER_INSTITUTE_FOR_SYSTEMS_AND_INNOVATION_RESEARCH_ISI,"Fraunhofer Institute for Systems and Innovation Research ISI"
FRAUNHOFER_INSTITUTE_FOR_TECHNOLOGICAL_TREND_ANALYSIS_INT,"Fraunhofer Institute for Technological Trend Analysis INT"
FRAUNHOFER_INSTITUTE_FOR_TELECOMMUNICATIONS_HEINRICH_HERTZ_INSTITUT_HHI,"Fraunhofer Institute for Telecommunications, Heinrich Hertz Institut HHI"
FRAUNHOFER_INSTITUTE_FOR_TOXICOLOGY_AND_EXPERIMENTAL_MEDICINE_ITEM,"Fraunhofer Institute for Toxicology and Experimental Medicine ITEM"
FRAUNHOFER_INSTITUTE_FOR_TRANSLATIONAL_MEDICINE_AND_PHARMACOLOGY_ITMP,"Fraunhofer Institute for Translational Medicine and Pharmacology ITMP"
FRAUNHOFER_INSTITUTE_FOR_TRANSPORTATION_AND_INFRASTRUCTURE_SYSTEMS_IVI,"Fraunhofer Institute for Transportation and Infrastructure Systems IVI"
FRAUNHOFER_INSTITUTE_FOR_WIND_ENERGY_SYSTEMS_IWES,"Fraunhofer Institute for Wind Energy Systems IWES"
FRAUNHOFER_INSTITUTE_FOR_WOOD_RESEARCH_WILHELM_KLAUDITZ_INSTITUT_WKI,"Fraunhofer Institute for Wood Research Wilhelm-Klauditz-Institut WKI"
ALFRED_WEGENER_INSTITUTE_FOR_POLAR_AND_MARINE_RESEARCH,"Alfred Wegener Institute for Polar and Marine Research"
HELMHOLTZ_CENTER_FOR_INFORMATION_SECURITY,"Helmholtz Center for Information Security"
DEUTSCHES_ELEKTRONEN_SYNCHROTRON_DESY,"Deutsches Elektronen-Synchrotron DESY"
GERMAN_CANCER_RESEARCH_CENTER,"German Cancer Research Center"
GERMAN_AEROSPACE_CENTER,"German Aerospace Center"
GERMAN_CENTER_FOR_NEURODEGENERATIVE_DISEASES,"German Center for Neurodegenerative Diseases"
FORSCHUNGSZENTRUM_JULICH,"Forschungszentrum Jülich"
KARLSRUHE_INSTITUTE_OF_TECHNOLOGY,"Karlsruhe Institute of Technology"
HELMHOLTZ_CENTRE_FOR_INFECTION_RESEARCH,"Helmholtz Centre for Infection Research"
GFZ_GERMAN_RESEARCH_CENTRE_FOR_GEOSCIENCES,"GFZ German Research Centre for Geosciences"
HELMHOLTZ_ZENTRUM_HEREON,"Helmholtz-Zentrum Hereon"
HELMHOLTZ_MUNICH_GERMAN_RESEARCH_CENTER_FOR_ENVIRONMENTAL_HEALTH,"Helmholtz Munich German Research Center for Environmental Health"
GSI_HELMHOLTZ_CENTRE_FOR_HEAVY_ION_RESEARCH,"GSI Helmholtz Centre for Heavy Ion Research"
HELMHOLTZ_ZENTRUM_BERLIN_FOR_MATERIALS_AND_ENERGY,"Helmholtz-Zentrum Berlin for Materials and Energy"
HELMHOLTZ_CENTRE_FOR_ENVIRONMENTAL_RESEARCH_UFZ,"Helmholtz Centre for Environmental Research – UFZ"
MAX_DELBRUCK_CENTER_FOR_MOLECULAR_MEDICINE,"Max Delbrück Center for Molecular Medicine"
HELMHOLTZ_ZENTRUM_DRESDEN_ROSSENDORF,"Helmholtz-Zentrum Dresden-Rossendorf"
GEOMAR_HELMHOLTZ_CENTRE_FOR_OCEAN_RESEARCH_KIEL,"GEOMAR Helmholtz Centre for Ocean Research Kiel"
DEUTSCHES_BERGBAU_MUSEUM_BOCHUM_LEIBNIZ_RESEARCH_MUSEUM_FOR_GEORESOURCES,"Deutsches Bergbau-Museum Bochum – Leibniz Research Museum for Georesources"
GERMAN_INSTITUTE_FOR_ADULT_EDUCATION_LEIBNIZ_CENTRE_FOR_LIFELONG_LEARNING,"German Institute for Adult Education – Leibniz Centre for Lifelong Learning"
GERMAN_INSTITUTE_FOR_INTERNATIONAL_EDUCATIONAL_RESEARCH,"German Institute for International Educational Research"
DEUTSCHES_MUSEUM,"Deutsches Museum"
DEUTSCHES_SCHIFFAHRTSMUSEUM_LEIBNIZ_INSTITUTE_FOR_MARITIME_HISTORY,"Deutsches Schiffahrtsmuseum – Leibniz Institute for Maritime History"
LEIBNIZ_INSTITUTE_FOR_EDUCATIONAL_MEDIA_GEORG_ECKERT_INSTITUTE,"Leibniz Institute for Educational Media – Georg Eckert Institute"
GERMANISCHES_NATIONALMUSEUM,"Germanisches Nationalmuseum"
HERDER_INSTITUTE_FOR_HISTORICAL_RESEARCH_ON_EAST_CENTRAL_EUROPE,"Herder Institute for Historical Research on East Central Europe"
LEIBNIZ_INSTITUTE_FOR_THE_GERMAN_LANGUAGE,"Leibniz Institute for the German Language"
LEIBNIZ_INSTITUTE_FOR_CONTEMPORARY_HISTORY,"Leibniz Institute for Contemporary History"
LEIBNIZ_INSTITUTE_FOR_EDUCATIONAL_TRAJECTORIES,"Leibniz Institute for Educational Trajectories"
LEIBNIZ_INSTITUTE_FOR_SCIENCE_AND_MATHEMATICS_EDUCATION,"Leibniz Institute for Science and Mathematics Education"
LEIBNIZ_INSTITUTE_OF_EUROPEAN_HISTORY,"Leibniz Institute of European History"
LEIBNIZ_INSTITUTE_FOR_THE_HISTORY_AND_CULTURE_OF_EASTERN_EUROPE,"Leibniz Institute for the History and Culture of Eastern Europe"
LEIBNIZ_INSTITUTE_FOR_EAST_AND_SOUTHEAST_EUROPEAN_STUDIES,"Leibniz Institute for East and Southeast European Studies"
LEIBNIZ_INSTITUT_FUR_WISSENSMEDIEN,"Leibniz-Institut für Wissensmedien"
ROMISCH_GERMANISCHES_ZENTRALMUSEUM_LEIBNIZ_RESEARCH_INSTITUTE_FOR_ARCHAEOLOGY,"Römisch-Germanisches Zentralmuseum – Leibniz Research Institute for Archaeology"
LEIBNIZ_ZENTRUM_FUR_ARCHAOLOGIE,"Leibniz-Zentrum für Archäologie"
LEIBNIZ_CENTRE_GENERAL_LINGUISTICS,"Leibniz-Centre General Linguistics"
LEIBNIZ_ZENTRUM_MODERNER_ORIENT,"Leibniz-Zentrum Moderner Orient"
LEIBNIZ_INSTITUTE_FOR_PSYCHOLOGY,"Leibniz Institute for Psychology"
LEIBNIZ_CENTRE_FOR_CONTEMPORARY_HISTORY,"Leibniz Centre for Contemporary History"
LEIBNIZ_INSTITUTE_FOR_JEWISH_HISTORY_AND_CULTURE_SIMON_DUBNOW_INSTITUTE,"Leibniz Institute for Jewish History and Culture – Simon Dubnow Institute"
ACADEMY_FOR_SPATIAL_RESEARCH_AND_PLANNING_LEIBNIZ_FORUM_FOR_SPATIAL_SCIENCES,"Academy for Spatial Research and Planning – Leibniz Forum for Spatial Sciences"
GERMAN_INSTITUTE_FOR_ECONOMIC_RESEARCH_DIW_BERLIN,"German Institute for Economic Research – DIW Berlin"
GESIS_LEIBNIZ_INSTITUTE_FOR_THE_SOCIAL_SCIENCES,"GESIS – Leibniz Institute for the Social Sciences"
GIGA_GERMAN_INSTITUTE_OF_GLOBAL_AND_AREA_STUDIES,"GIGA German Institute of Global and Area Studies"
LEIBNIZ_INSTITUTE_OF_AGRICULTURAL_DEVELOPMENT_IN_TRANSITION_ECONOMIES,"Leibniz Institute of Agricultural Development in Transition Economies"
LEIBNIZ_INSTITUTE_FOR_MEDIA_RESEARCH_HANS_BREDOW_INSTITUT,"Leibniz Institute for Media Research – Hans-Bredow-Institut"
LEIBNIZ_INSTITUTE_FOR_RESEARCH_ON_SOCIETY_AND_SPACE,"Leibniz Institute for Research on Society and Space"
IFO_INSTITUTE_LEIBNIZ_INSTITUTE_FOR_ECONOMIC_RESEARCH_AT_THE_UNIVERSITY_OF_MUNICH,"Ifo Institute – Leibniz Institute for Economic Research at the University of Munich"
KIEL_INSTITUTE_FOR_THE_WORLD_ECONOMY,"Kiel Institute for the World Economy"
LEIBNIZ_INSTITUTE_OF_ECOLOGICAL_URBAN_AND_REGIONAL_DEVELOPMENT,"Leibniz Institute of Ecological Urban and Regional Development"
HALLE_INSTITUTE_FOR_ECONOMIC_RESEARCH,"Halle Institute for Economic Research"
PEACE_RESEARCH_INSTITUTE_FRANKFURT,"Peace Research Institute Frankfurt"
RWI_LEIBNIZ_INSTITUTE_FOR_ECONOMIC_RESEARCH,"RWI – Leibniz Institute for Economic Research"
LEIBNIZ_INSTITUTE_FOR_FINANCIAL_RESEARCH_SAFE,"Leibniz Institute for Financial Research SAFE"
WZB_BERLIN_SOCIAL_SCIENCE_CENTER,"WZB Berlin Social Science Center"
GERMAN_NATIONAL_LIBRARY_OF_ECONOMICS_LEIBNIZ_INFORMATION_CENTRE_FOR_ECONOMICS,"German National Library of Economics – Leibniz Information Centre for Economics"
ZEW_LEIBNIZ_CENTRE_FOR_EUROPEAN_ECONOMIC_RESEARCH,"ZEW – Leibniz Centre for European Economic Research"
BERNHARD_NOCHT_INSTITUTE_FOR_TROPICAL_MEDICINE,"Bernhard Nocht Institute for Tropical Medicine"
LEIBNIZ_INSTITUTE_FOR_PREVENTION_RESEARCH_AND_EPIDEMIOLOGY_BIPS,"Leibniz Institute for Prevention Research and Epidemiology – BIPS"
LEIBNIZ_CENTER_FOR_DIABETES_RESEARCH_AT_HEINRICH_HEINE_UNIVERSITY_DUSSELDORF,"Leibniz Center for Diabetes Research at Heinrich Heine University Düsseldorf"
MAX_RUBNER_INSTITUT,"Max Rubner-Institut"
GERMAN_INSTITUTE_OF_HUMAN_NUTRITION_POTSDAM_REHBRUCKE,"German Institute of Human Nutrition Potsdam-Rehbrücke"
DEUTSCHES_RHEUMA_FORSCHUNGSZENTRUM_BERLIN,"Deutsches Rheuma-Forschungszentrum Berlin"
GERMAN_PRIMATE_CENTER_LEIBNIZ_INSTITUTE_FOR_PRIMATE_RESEARCH,"German Primate Center – Leibniz Institute for Primate Research"
LEIBNIZ_INSTITUTE_DSMZ_GERMAN_COLLECTION_OF_MICROORGANISMS_AND_CELL_CULTURES,"Leibniz Institute DSMZ – German Collection of Microorganisms and Cell Cultures"
LEIBNIZ_INSTITUTE_FOR_FARM_ANIMAL_BIOLOGY,"Leibniz Institute for Farm Animal Biology"
LEIBNIZ_INSTITUTE_ON_AGING_FRITZ_LIPMANN_INSTITUTE,"Leibniz Institute on Aging – Fritz Lipmann Institute"
LEIBNIZ_INSTITUT_FUR_MOLEKULARE_PHARMAKOLOGIE,"Leibniz-Institut für Molekulare Pharmakologie"
RESEARCH_CENTER_BORSTEL_LEIBNIZ_LUNG_CENTER,"Research Center Borstel – Leibniz Lung Center"
LEIBNIZ_INSTITUTE_FOR_NATURAL_PRODUCT_RESEARCH_AND_INFECTION_BIOLOGY_HANS_KNOLL_INSTITUTE,"Leibniz Institute for Natural Product Research and Infection Biology – Hans Knöll Institute"
HEINRICH_PETTE_INSTITUTE_LEIBNIZ_INSTITUTE_FOR_EXPERIMENTAL_VIROLOGY,"Heinrich Pette Institute – Leibniz Institute for Experimental Virology"
LEIBNIZ_RESEARCH_CENTRE_FOR_WORKING_ENVIRONMENT_AND_HUMAN_FACTORS,"Leibniz Research Centre for Working Environment and Human Factors"
LEIBNIZ_INSTITUTE_OF_PLANT_BIOCHEMISTRY,"Leibniz Institute of Plant Biochemistry"
LEIBNIZ_INSTITUTE_OF_PLANT_GENETICS_AND_CROP_PLANT_RESEARCH,"Leibniz Institute of Plant Genetics and Crop Plant Research"
LEIBNIZ_RESEARCH_INSTITUTE_FOR_ENVIRONMENTAL_MEDICINE,"Leibniz Research Institute for Environmental Medicine"
LEIBNIZ_INSTITUTE_FOR_ZOO_AND_WILDLIFE_RESEARCH,"Leibniz Institute for Zoo and Wildlife Research"
LEIBNIZ_INSTITUTE_FOR_NEUROBIOLOGY,"Leibniz Institute for Neurobiology"
LEIBNIZ_INSTITUTE_FOR_RESILIENCE_RESEARCH,"Leibniz Institute for Resilience Research"
LEIBNIZ_INSTITUTE_FOR_IMMUNOTHERAPY,"Leibniz Institute for Immunotherapy"
MUSEUM_FUR_NATURKUNDE_BERLIN_LEIBNIZ_INSTITUTE_FOR_EVOLUTION_AND_BIODIVERSITY_SCIENCE,"Museum für Naturkunde Berlin – Leibniz Institute for Evolution and Biodiversity Science"
SENCKENBERG_SOCIETY_FOR_NATURE_RESEARCH,"Senckenberg Society for Nature Research"
MUSEUM_KOENIG_BONN_LEIBNIZ_INSTITUTE_FOR_THE_ANALYSIS_OF_BIODIVERSITY_CHANGE,"Museum Koenig Bonn – Leibniz Institute for the Analysis of Biodiversity Change"
LEIBNIZ_INSTITUTE_FOR_ASTROPHYSICS_POTSDAM,"Leibniz Institute for Astrophysics Potsdam"
FERDINAND_BRAUN_INSTITUT_LEIBNIZ_INSTITUT_FUR_HOCHSTFREQUENZTECHNIK,"Ferdinand-Braun-Institut – Leibniz-Institut für Höchstfrequenztechnik"
DWI_LEIBNIZ_INSTITUTE_FOR_INTERACTIVE_MATERIALS,"DWI – Leibniz Institute for Interactive Materials"
FIZ_KARLSRUHE_LEIBNIZ_INSTITUTE_FOR_INFORMATION_INFRASTRUCTURE,"FIZ Karlsruhe – Leibniz Institute for Information Infrastructure"
LEIBNIZ_INSTITUTE_FOR_TROPOSPHERIC_RESEARCH,"Leibniz Institute for Tropospheric Research"
LEIBNIZ_INSTITUTE_FOR_SOLID_STATE_AND_MATERIALS_RESEARCH_DRESDEN,"Leibniz Institute for Solid State and Materials Research Dresden"
INNOVATIONS_FOR_HIGH_PERFORMANCE_MICROELECTRONICS_LEIBNIZ_INSTITUT_FUR_INNOVATIVE_MIKROELEKTRONIK,"Innovations for High Performance Microelectronics – Leibniz-Institut für innovative Mikroelektronik"
LEIBNIZ_INSTITUTE_OF_PHOTONIC_TECHNOLOGY,"Leibniz Institute of Photonic Technology"
LEIBNIZ_INSTITUTE_FOR_CRYSTAL_GROWTH,"Leibniz Institute for Crystal Growth"
LEIBNIZ_INSTITUTE_FOR_NEW_MATERIALS,"Leibniz Institute for New Materials"
LEIBNIZ_INSTITUTE_FOR_PLASMA_SCIENCE_AND_TECHNOLOGY,"Leibniz Institute for Plasma Science and Technology"
LEIBNIZ_INSTITUTE_OF_SURFACE_ENGINEERING,"Leibniz Institute of Surface Engineering"
LEIBNIZ_INSTITUTE_FOR_POLYMER_RESEARCH_DRESDEN,"Leibniz Institute for Polymer Research Dresden"
LEIBNIZ_INSTITUTE_FOR_ANALYTICAL_SCIENCES_ISAS,"Leibniz Institute for Analytical Sciences – ISAS"
LEIBNIZ_INSTITUTE_FOR_SOLAR_PHYSICS,"Leibniz Institute for Solar Physics"
SCHLOSS_DAGSTUHL_LEIBNIZ_CENTER_FOR_INFORMATICS,"Schloss Dagstuhl – Leibniz Center for Informatics"
LEIBNIZ_INSTITUTE_FOR_CATALYSIS,"Leibniz Institute for Catalysis"
MAX_BORN_INSTITUTE_FOR_NONLINEAR_OPTICS_AND_SHORT_PULSE_SPECTROSCOPY,"Max Born Institute for Nonlinear Optics and Short Pulse Spectroscopy"
OBERWOLFACH_RESEARCH_INSTITUTE_FOR_MATHEMATICS,"Oberwolfach Research Institute for Mathematics"
PAUL_DRUDE_INSTITUTE_FOR_SOLID_STATE_ELECTRONICS,"Paul Drude Institute for Solid State Electronics"
TIB_LEIBNIZ_INFORMATION_CENTRE_FOR_SCIENCE_AND_TECHNOLOGY,"TIB – Leibniz Information Centre for Science and Technology"
WEIERSTRASS_INSTITUTE_FOR_APPLIED_ANALYSIS_AND_STOCHASTICS,"Weierstrass Institute for Applied Analysis and Stochastics"
LEIBNIZ_INSTITUTE_FOR_COMPOSITE_MATERIALS,"Leibniz Institute for Composite Materials"
LEIBNIZ_INSTITUTE_FOR_AGRICULTURAL_ENGINEERING_AND_BIOECONOMY,"Leibniz Institute for Agricultural Engineering and Bioeconomy"
LEIBNIZ_INSTITUTE_OF_FRESHWATER_ECOLOGY_AND_INLAND_FISHERIES,"Leibniz Institute of Freshwater Ecology and Inland Fisheries"
LEIBNIZ_INSTITUTE_OF_VEGETABLE_AND_ORNAMENTAL_CROPS,"Leibniz Institute of Vegetable and Ornamental Crops"
LEIBNIZ_INSTITUTE_FOR_BALTIC_SEA_RESEARCH_WARNEMUNDE,"Leibniz Institute for Baltic Sea Research Warnemünde"
POTSDAM_INSTITUTE_FOR_CLIMATE_IMPACT_RESEARCH,"Potsdam Institute for Climate Impact Research"
LEIBNIZ_CENTRE_FOR_AGRICULTURAL_LANDSCAPE_RESEARCH,"Leibniz Centre for Agricultural Landscape Research"
LEIBNIZ_CENTRE_FOR_TROPICAL_MARINE_RESEARCH,"Leibniz Centre for Tropical Marine Research"
INSTITUT_NATIONAL_DES_SCIENCES_DE_LUNIVERS,"Institut National des Sciences de l'Univers"
INSTITUT_DE_PHYSIQUE,"Institut de Physique"
INSTITUT_DE_CHIMIE,"Institut de Chimie"
INSTITUT_DES_SCIENCES_BIOLOGIQUES,"Institut des Sciences Biologiques"
INSTITUT_NATIONAL_DE_PHYSIQUE_NUCLEAIRE_ET_DE_PHYSIQUE_DES_PARTICULES,"Institut National de Physique Nucléaire et de Physique des Particules"
INSTITUT_DES_SCIENCES_HUMAINES_ET_SOCIALES,"Institut des Sciences Humaines et Sociales"
INSTITUT_ECOLOGIE_ET_ENVIRONNEMENT,"Institut Écologie et Environnement"
INSTITUT_DES_SCIENCES_DE_LINGENIERIE_ET_DES_SYSTEMES,"Institut des Sciences de l'Ingénierie et des Systèmes"
INSTITUT_NATIONAL_DES_SCIENCES_MATHEMATIQUES_ET_DE_LEURS_INTERACTIONS,"Institut National des Sciences Mathématiques et de leurs Interactions"
INSTITUT_DES_SCIENCES_INFORMATIQUES_ET_DE_LEURS_INTERACTIONS,"Institut des Sciences Informatiques et de leurs Interactions"
CENTRE_NATIONAL_DE_LA_RECHERCHE_SCIENTIFIQUE,"Centre National de la Recherche Scientifique"
INSTITUT_NATIONAL_DE_LA_SANTE_ET_DE_LA_RECHERCHE_MEDICALE,"Institut National de la Santé et de la Recherche Médicale"
INSTITUT_NATIONAL_DE_RECHERCHE_EN_INFORMATIQUE_ET_EN_AUTOMATIQUE,"Institut National de Recherche en Informatique et en Automatique"
COMMISSARIAT_A_LENERGIE_ATOMIQUE_ET_AUX_ENERGIES_ALTERNATIVES,"Commissariat à l'Énergie Atomique et aux Énergies Alternatives"
INSTITUT_PASTEUR,"Institut Pasteur"
IFREMER_FRENCH_RESEARCH_INSTITUTE_FOR_EXPLOITATION_OF_THE_SEA,"IFREMER – French Research Institute for Exploitation of the Sea"
OFFICE_NATIONAL_DETUDES_ET_DE_RECHERCHES_AEROSPATIALES,"Office National d'Études et de Recherches Aérospatiales"
CENTRE_NATIONAL_DETUDES_SPATIALES,"Centre National d'Études Spatiales"
BUREAU_DE_RECHERCHES_GEOLOGIQUES_ET_MINIERES,"Bureau de Recherches Géologiques et Minières"
INSTITUT_DE_RECHERCHE_POUR_LE_DEVELOPPEMENT,"Institut de Recherche pour le Développement"
ACADEMY_OF_MATHEMATICS_AND_SYSTEMS_SCIENCE_CAS,"Academy of Mathematics and Systems Science, CAS"
INSTITUTE_OF_PHYSICS_CAS,"Institute of Physics, CAS"
INSTITUTE_OF_THEORETICAL_PHYSICS_CAS,"Institute of Theoretical Physics, CAS"
INSTITUTE_OF_HIGH_ENERGY_PHYSICS_CAS,"Institute of High Energy Physics, CAS"
INSTITUTE_OF_MECHANICS_CAS,"Institute of Mechanics, CAS"
INSTITUTE_OF_ACOUSTICS_CAS,"Institute of Acoustics, CAS"
INSTITUTE_OF_PHYSICAL_AND_CHEMICAL_TECHNOLOGY_CAS,"Institute of Physical and Chemical Technology, CAS"
INSTITUTE_OF_CHEMISTRY_CAS,"Institute of Chemistry, CAS"
NATIONAL_CENTER_FOR_NANOSCIENCE_AND_TECHNOLOGY_CAS,"National Center for Nanoscience and Technology, CAS"
RESEARCH_CENTER_FOR_ECO_ENVIRONMENTAL_SCIENCES_CAS,"Research Center for Eco-Environmental Sciences, CAS"
INSTITUTE_OF_PROCESS_ENGINEERING_CAS,"Institute of Process Engineering, CAS"
INSTITUTE_OF_GEOGRAPHIC_SCIENCES_AND_NATURAL_RESOURCES_RESEARCH_CAS,"Institute of Geographic Sciences and Natural Resources Research, CAS"
NATIONAL_ASTRONOMICAL_OBSERVATORIES_CAS,"National Astronomical Observatories, CAS"
YUNNAN_OBSERVATORIES_CAS,"Yunnan Observatories, CAS"
XINJIANG_ASTRONOMICAL_OBSERVATORY_CAS,"Xinjiang Astronomical Observatory, CAS"
CHANGCHUN_OBSERVATORY_CAS,"Changchun Observatory, CAS"
NANJING_INSTITUTE_OF_ASTRONOMICAL_OPTICS_AND_TECHNOLOGY_CAS,"Nanjing Institute of Astronomical Optics and Technology, CAS"
INSTITUTE_OF_GEOLOGY_AND_GEOPHYSICS_CAS,"Institute of Geology and Geophysics, CAS"
INSTITUTE_OF_TIBETAN_PLATEAU_RESEARCH_CAS,"Institute of Tibetan Plateau Research, CAS"
INSTITUTE_OF_VERTEBRATE_PALEONTOLOGY_AND_PALEOANTHROPOLOGY_CAS,"Institute of Vertebrate Paleontology and Paleoanthropology, CAS"
INSTITUTE_OF_ATMOSPHERIC_PHYSICS_CAS,"Institute of Atmospheric Physics, CAS"
INSTITUTE_OF_BOTANY_CAS,"Institute of Botany, CAS"
INSTITUTE_OF_ZOOLOGY_CAS,"Institute of Zoology, CAS"
INSTITUTE_OF_PSYCHOLOGY_CAS,"Institute of Psychology, CAS"
INSTITUTE_OF_MICROBIOLOGY_CAS,"Institute of Microbiology, CAS"
INSTITUTE_OF_BIOPHYSICS_CAS,"Institute of Biophysics, CAS"
INSTITUTE_OF_GENETICS_AND_DEVELOPMENTAL_BIOLOGY_CAS,"Institute of Genetics and Developmental Biology, CAS"
INSTITUTE_OF_GENETICS_AND_DEVELOPMENTAL_BIOLOGY_AGRICULTURAL_RESOURCES_RESEARCH_CENTER_CAS,"Institute of Genetics and Developmental Biology Agricultural Resources Research Center, CAS"
BEIJING_INSTITUTE_OF_GENOMICS_CAS,"Beijing Institute of Genomics, CAS"
INSTITUTE_OF_COMPUTING_TECHNOLOGY_CAS,"Institute of Computing Technology, CAS"
INSTITUTE_OF_SOFTWARE_CAS,"Institute of Software, CAS"
INSTITUTE_OF_SEMICONDUCTORS_CAS,"Institute of Semiconductors, CAS"
INSTITUTE_OF_MICROELECTRONICS_CAS,"Institute of Microelectronics, CAS"
AEROSPACE_INFORMATION_RESEARCH_INSTITUTE_CAS,"Aerospace Information Research Institute, CAS"
INSTITUTE_OF_AUTOMATION_CAS,"Institute of Automation, CAS"
INSTITUTE_OF_ELECTRICAL_ENGINEERING_CAS,"Institute of Electrical Engineering, CAS"
INSTITUTE_OF_ENGINEERING_THERMOPHYSICS_CAS,"Institute of Engineering Thermophysics, CAS"
NATIONAL_SPACE_SCIENCE_CENTER_CAS,"National Space Science Center, CAS"
INSTITUTE_FOR_THE_HISTORY_OF_NATURAL_SCIENCES_CAS,"Institute for the History of Natural Sciences, CAS"
INSTITUTES_OF_SCIENCE_AND_DEVELOPMENT_CAS,"Institutes of Science and Development, CAS"
INSTITUTE_OF_INFORMATION_ENGINEERING_CAS,"Institute of Information Engineering, CAS"
TIANJIN_INSTITUTE_OF_INDUSTRIAL_BIOTECHNOLOGY_CAS,"Tianjin Institute of Industrial Biotechnology, CAS"
INSTITUTE_OF_METAL_RESEARCH_CAS,"Institute of Metal Research, CAS"
SHENYANG_INSTITUTE_OF_APPLIED_ECOLOGY_CAS,"Shenyang Institute of Applied Ecology, CAS"
SHENYANG_INSTITUTE_OF_AUTOMATION_CAS,"Shenyang Institute of Automation, CAS"
DALIAN_INSTITUTE_OF_CHEMICAL_PHYSICS_CAS,"Dalian Institute of Chemical Physics, CAS"
INSTITUTE_OF_OCEANOLOGY_CAS,"Institute of Oceanology, CAS"
QINGDAO_INSTITUTE_OF_BIOENERGY_AND_BIOPROCESS_TECHNOLOGY_CAS,"Qingdao Institute of Bioenergy and Bioprocess Technology, CAS"
YANTAI_INSTITUTE_OF_COASTAL_ZONE_RESEARCH_CAS,"Yantai Institute of Coastal Zone Research, CAS"
CHANGCHUN_INSTITUTE_OF_OPTICS_FINE_MECHANICS_AND_PHYSICS_CAS,"Changchun Institute of Optics, Fine Mechanics and Physics, CAS"
CHANGCHUN_INSTITUTE_OF_APPLIED_CHEMISTRY_CAS,"Changchun Institute of Applied Chemistry, CAS"
NORTHEAST_INSTITUTE_OF_GEOGRAPHY_AND_AGROECOLOGY_CAS,"Northeast Institute of Geography and Agroecology, CAS"
SHANGHAI_INSTITUTE_OF_MICROSYSTEM_AND_INFORMATION_TECHNOLOGY_CAS,"Shanghai Institute of Microsystem and Information Technology, CAS"
SHANGHAI_INSTITUTE_OF_TECHNICAL_PHYSICS_CAS,"Shanghai Institute of Technical Physics, CAS"
SHANGHAI_INSTITUTE_OF_OPTICS_AND_FINE_MECHANICS_CAS,"Shanghai Institute of Optics and Fine Mechanics, CAS"
SHANGHAI_INSTITUTE_OF_CERAMICS_CAS,"Shanghai Institute of Ceramics, CAS"
SHANGHAI_INSTITUTE_OF_ORGANIC_CHEMISTRY_CAS,"Shanghai Institute of Organic Chemistry, CAS"
SHANGHAI_INSTITUTE_OF_APPLIED_PHYSICS_CAS,"Shanghai Institute of Applied Physics, CAS"
SHANGHAI_ASTRONOMICAL_OBSERVATORY_CAS,"Shanghai Astronomical Observatory, CAS"
CENTER_FOR_EXCELLENCE_IN_MOLECULAR_CELL_SCIENCE_CAS,"Center for Excellence in Molecular Cell Science, CAS"
INSTITUTE_OF_NEUROSCIENCE_CAS,"Institute of Neuroscience, CAS"
CENTER_FOR_EXCELLENCE_IN_MOLECULAR_PLANT_SCIENCES_CAS,"Center for Excellence in Molecular Plant Sciences, CAS"
INSTITUTE_FOR_NUTRITIONAL_SCIENCES_CAS,"Institute for Nutritional Sciences, CAS"
SHANGHAI_INSTITUTE_OF_MATERIA_MEDICA_CAS,"Shanghai Institute of Materia Medica, CAS"
INSTITUT_PASTEUR_OF_SHANGHAI_CAS,"Institut Pasteur of Shanghai, CAS"
SHANGHAI_INSTITUTES_FOR_ADVANCED_STUDIES_CAS,"Shanghai Institutes for Advanced Studies, CAS"
INNOVATION_ACADEMY_FOR_MICROSATELLITES_CAS,"Innovation Academy for Microsatellites, CAS"
FUJIAN_INSTITUTE_OF_RESEARCH_ON_THE_STRUCTURE_OF_MATTER_CAS,"Fujian Institute of Research on the Structure of Matter, CAS"
NINGBO_INSTITUTE_OF_MATERIALS_TECHNOLOGY_AND_ENGINEERING_CAS,"Ningbo Institute of Materials Technology and Engineering, CAS"
INSTITUTE_OF_URBAN_ENVIRONMENT_CAS,"Institute of Urban Environment, CAS"
HANGZHOU_INSTITUTE_FOR_ADVANCED_STUDY_CAS,"Hangzhou Institute for Advanced Study, CAS"
NANJING_INSTITUTE_OF_GEOLOGY_AND_PALAEONTOLOGY_CAS,"Nanjing Institute of Geology and Palaeontology, CAS"
INSTITUTE_OF_SOIL_SCIENCE_CAS,"Institute of Soil Science, CAS"
NANJING_INSTITUTE_OF_GEOGRAPHY_AND_LIMNOLOGY_CAS,"Nanjing Institute of Geography and Limnology, CAS"
PURPLE_MOUNTAIN_OBSERVATORY_CAS,"Purple Mountain Observatory, CAS"
SUZHOU_INSTITUTE_OF_NANO_TECH_AND_NANO_BIONICS_CAS,"Suzhou Institute of Nano-Tech and Nano-Bionics, CAS"
SUZHOU_INSTITUTE_OF_BIOMEDICAL_ENGINEERING_AND_TECHNOLOGY_CAS,"Suzhou Institute of Biomedical Engineering and Technology, CAS"
WUHAN_INSTITUTE_OF_ROCK_AND_SOIL_MECHANICS_CAS,"Wuhan Institute of Rock and Soil Mechanics, CAS"
INNOVATION_ACADEMY_FOR_PRECISION_MEASUREMENT_SCIENCE_AND_TECHNOLOGY_CAS,"Innovation Academy for Precision Measurement Science and Technology, CAS"
WUHAN_INSTITUTE_OF_VIROLOGY_CAS,"Wuhan Institute of Virology, CAS"
INSTITUTE_OF_HYDROBIOLOGY_CAS,"Institute of Hydrobiology, CAS"
WUHAN_BOTANICAL_GARDEN_CAS,"Wuhan Botanical Garden, CAS"
SOUTH_CHINA_SEA_INSTITUTE_OF_OCEANOLOGY_CAS,"South China Sea Institute of Oceanology, CAS"
SOUTH_CHINA_BOTANICAL_GARDEN_CAS,"South China Botanical Garden, CAS"
GUANGZHOU_INSTITUTE_OF_ENERGY_CONVERSION_CAS,"Guangzhou Institute of Energy Conversion, CAS"
GUANGZHOU_INSTITUTE_OF_GEOCHEMISTRY_CAS,"Guangzhou Institute of Geochemistry, CAS"
GUANGZHOU_INSTITUTE_OF_BIOMEDICINE_AND_HEALTH_CAS,"Guangzhou Institute of Biomedicine and Health, CAS"
SHENZHEN_INSTITUTE_OF_ADVANCED_TECHNOLOGY_CAS,"Shenzhen Institute of Advanced Technology, CAS"
XISHUANGBANNA_TROPICAL_BOTANICAL_GARDEN_CAS,"Xishuangbanna Tropical Botanical Garden, CAS"
INSTITUTE_OF_DEEP_SEA_SCIENCE_AND_ENGINEERING_CAS,"Institute of Deep-sea Science and Engineering, CAS"
CHENGDU_INSTITUTE_OF_BIOLOGY_CAS,"Chengdu Institute of Biology, CAS"
INSTITUTE_OF_MOUNTAIN_HAZARDS_AND_ENVIRONMENT_CAS,"Institute of Mountain Hazards and Environment, CAS"
CHONGQING_INSTITUTE_OF_GREEN_AND_INTELLIGENT_TECHNOLOGY_CAS,"Chongqing Institute of Green and Intelligent Technology, CAS"
KUNMING_INSTITUTE_OF_ZOOLOGY_CAS,"Kunming Institute of Zoology, CAS"
KUNMING_INSTITUTE_OF_BOTANY_CAS,"Kunming Institute of Botany, CAS"
INSTITUTE_OF_GEOCHEMISTRY_CAS,"Institute of Geochemistry, CAS (Guiyang)"
XIAN_INSTITUTE_OF_OPTICS_AND_PRECISION_MECHANICS_CAS,"Xi'an Institute of Optics and Precision Mechanics, CAS"
NATIONAL_TIME_SERVICE_CENTER_CAS,"National Time Service Center, CAS"
INSTITUTE_OF_EARTH_ENVIRONMENT_CAS,"Institute of Earth Environment, CAS"
INSTITUTE_OF_COAL_CHEMISTRY_CAS,"Institute of Coal Chemistry, CAS"
INSTITUTE_OF_MODERN_PHYSICS_CAS,"Institute of Modern Physics, CAS"
LANZHOU_INSTITUTE_OF_CHEMICAL_PHYSICS_CAS,"Lanzhou Institute of Chemical Physics, CAS"
NORTHWEST_INSTITUTE_OF_ECO_ENVIRONMENT_AND_RESOURCES_CAS,"Northwest Institute of Eco-Environment and Resources, CAS"
QINGHAI_INSTITUTE_OF_SALT_LAKES_CAS,"Qinghai Institute of Salt Lakes, CAS"
NORTHWEST_INSTITUTE_OF_PLATEAU_BIOLOGY_CAS,"Northwest Institute of Plateau Biology, CAS"
XINJIANG_TECHNICAL_INSTITUTE_OF_PHYSICS_AND_CHEMISTRY_CAS,"Xinjiang Technical Institute of Physics and Chemistry, CAS"
XINJIANG_INSTITUTE_OF_ECOLOGY_AND_GEOGRAPHY_CAS,"Xinjiang Institute of Ecology and Geography, CAS"
RIKEN_CENTER_FOR_EMERGENT_MATTER_SCIENCE,"RIKEN Center for Emergent Matter Science"
RIKEN_CENTER_FOR_SUSTAINABLE_RESOURCE_SCIENCE,"RIKEN Center for Sustainable Resource Science"
RIKEN_NISHINA_CENTER_FOR_ACCELERATOR_BASED_SCIENCE,"RIKEN Nishina Center for Accelerator-Based Science"
RIKEN_CENTER_FOR_BRAIN_SCIENCE,"RIKEN Center for Brain Science"
RIKEN_SPRING_8_CENTER,"RIKEN SPring-8 Center"
RIKEN_CENTER_FOR_INTEGRATIVE_MEDICAL_SCIENCES,"RIKEN Center for Integrative Medical Sciences"
RIKEN_CENTER_FOR_BIOSYSTEMS_DYNAMICS_RESEARCH,"RIKEN Center for Biosystems Dynamics Research"
RIKEN_CENTER_FOR_ADVANCED_INTELLIGENCE_PROJECT,"RIKEN Center for Advanced Intelligence Project"
RIKEN_BIORESOURCE_RESEARCH_CENTER,"RIKEN BioResource Research Center"
RIKEN_CENTER_FOR_COMPUTATIONAL_SCIENCE,"RIKEN Center for Computational Science"
RIKEN_CENTER_FOR_ADVANCED_PHOTONICS,"RIKEN Center for Advanced Photonics"
INTERNATIONAL_RICE_RESEARCH_INSTITUTE,"International Rice Research Institute"
INTERNATIONAL_MAIZE_AND_WHEAT_IMPROVEMENT_CENTER,"International Maize and Wheat Improvement Center"
INTERNATIONAL_POTATO_CENTER,"International Potato Center"
INTERNATIONAL_CENTER_FOR_AGRICULTURAL_RESEARCH_IN_THE_DRY_AREAS,"International Center for Agricultural Research in the Dry Areas"
INTERNATIONAL_CROPS_RESEARCH_INSTITUTE_FOR_THE_SEMI_ARID_TROPICS,"International Crops Research Institute for the Semi-Arid Tropics"
INTERNATIONAL_FOOD_POLICY_RESEARCH_INSTITUTE,"International Food Policy Research Institute"
INTERNATIONAL_INSTITUTE_OF_TROPICAL_AGRICULTURE,"International Institute of Tropical Agriculture"
INTERNATIONAL_LIVESTOCK_RESEARCH_INSTITUTE,"International Livestock Research Institute"
INTERNATIONAL_WATER_MANAGEMENT_INSTITUTE,"International Water Management Institute"
CENTER_FOR_INTERNATIONAL_FORESTRY_RESEARCH_AND_WORLD_AGROFORESTRY,"Center for International Forestry Research and World Agroforestry (CIFOR-ICRAF)"
WORLDFISH,"WorldFish"
ALLIANCE_OF_BIOVERSITY_INTERNATIONAL_AND_CIAT,"Alliance of Bioversity International and CIAT"
AFRICARICE,"AfricaRice"
CERN_EUROPEAN_ORGANIZATION_FOR_NUCLEAR_RESEARCH,"CERN – European Organization for Nuclear Research"
EUROPEAN_SPACE_AGENCY,"European Space Agency"
EUROPEAN_SOUTHERN_OBSERVATORY,"European Southern Observatory"
ITER_ORGANIZATION,"ITER Organization"
EUROPEAN_MOLECULAR_BIOLOGY_LABORATORY,"European Molecular Biology Laboratory"
EMBLS_EUROPEAN_BIOINFORMATICS_INSTITUTE,"EMBL's European Bioinformatics Institute"
INTERNATIONAL_AGENCY_FOR_RESEARCH_ON_CANCER,"International Agency for Research on Cancer"
MRC_LABORATORY_OF_MOLECULAR_BIOLOGY,"MRC Laboratory of Molecular Biology"
MRC_LABORATORY_OF_MEDICAL_SCIENCES,"MRC Laboratory of Medical Sciences"
UK_DEMENTIA_RESEARCH_INSTITUTE,"UK Dementia Research Institute"
THE_FRANCIS_CRICK_INSTITUTE,"The Francis Crick Institute"
MRC_UNIT_THE_GAMBIA_AT_LSHTM,"MRC Unit The Gambia at LSHTM"
MRC_UNIVERSITY_OF_GLASGOW_CENTRE_FOR_VIRUS_RESEARCH,"MRC-University of Glasgow Centre for Virus Research"
MRC_UVRI_AND_LSHTM_UGANDA_RESEARCH_UNIT,"MRC/UVRI and LSHTM Uganda Research Unit"
MRC_HUMAN_GENETICS_UNIT,"MRC Human Genetics Unit"
MRC_MITOCHONDRIAL_BIOLOGY_UNIT,"MRC Mitochondrial Biology Unit"
MRC_MOLECULAR_HAEMATOLOGY_UNIT,"MRC Molecular Haematology Unit"
MRC_PRION_UNIT_AT_UCL,"MRC Prion Unit at UCL"
MRC_PROTEIN_PHOSPHORYLATION_AND_UBIQUITYLATION_UNIT,"MRC Protein Phosphorylation and Ubiquitylation Unit"
MRC_TOXICOLOGY_UNIT,"MRC Toxicology Unit"
MRC_WEATHERALL_INSTITUTE_OF_MOLECULAR_MEDICINE,"MRC Weatherall Institute of Molecular Medicine"
MRC_BRAIN_NETWORK_DYNAMICS_UNIT,"MRC Brain Network Dynamics Unit"
MRC_COGNITION_AND_BRAIN_SCIENCES_UNIT,"MRC Cognition and Brain Sciences Unit"
MRC_BIOSTATISTICS_UNIT,"MRC Biostatistics Unit"
MRC_CLINICAL_TRIALS_UNIT_AT_UCL,"MRC Clinical Trials Unit at UCL"
MRC_EPIDEMIOLOGY_UNIT,"MRC Epidemiology Unit"
MRC_INTEGRATIVE_EPIDEMIOLOGY_UNIT,"MRC Integrative Epidemiology Unit"
MRC_UNIT_FOR_LIFELONG_HEALTH_AND_AGEING,"MRC Unit for Lifelong Health and Ageing"
MRC_METABOLIC_DISEASES_UNIT,"MRC Metabolic Diseases Unit"
MRC_SOCIAL_GENETIC_AND_DEVELOPMENTAL_PSYCHIATRY_CENTRE,"MRC Social, Genetic and Developmental Psychiatry Centre"
WELLCOME_SANGER_INSTITUTE,"Wellcome Sanger Institute"
BABRAHAM_INSTITUTE,"Babraham Institute"
WELLCOME_MRC_INSTITUTE_OF_METABOLIC_SCIENCE,"Wellcome-MRC Institute of Metabolic Science"
BROAD_INSTITUTE_OF_MIT_AND_HARVARD,"Broad Institute of MIT and Harvard"
SALK_INSTITUTE_FOR_BIOLOGICAL_STUDIES,"Salk Institute for Biological Studies"
SCRIPPS_RESEARCH,"Scripps Research"
COLD_SPRING_HARBOR_LABORATORY,"Cold Spring Harbor Laboratory"
HOWARD_HUGHES_MEDICAL_INSTITUTE,"Howard Hughes Medical Institute"
ALLEN_INSTITUTE_FOR_BRAIN_SCIENCE,"Allen Institute for Brain Science"
ALLEN_INSTITUTE_FOR_ARTIFICIAL_INTELLIGENCE,"Allen Institute for Artificial Intelligence"
ALLEN_INSTITUTE_FOR_CELL_SCIENCE,"Allen Institute for Cell Science"
VAN_ANDEL_INSTITUTE,"Van Andel Institute"
J_CRAIG_VENTER_INSTITUTE,"J. Craig Venter Institute"
WHITEHEAD_INSTITUTE_FOR_BIOMEDICAL_RESEARCH,"Whitehead Institute for Biomedical Research"
INSTITUTE_FOR_SYSTEMS_BIOLOGY,"Institute for Systems Biology"
OTHER,"Other"
